{"density":{"0":1.0,"1":0.0647155812,"2":0.027989788,"3":0.1238066112,"4":0.067760551,"5":0.0242400872,"6":0.0696752919,"7":0.0267664814,"8":0.0310746483,"9":0.0120336143,"10":0.0264340611,"11":0.0488391884,"12":0.1357205542,"13":0.0138951679,"14":0.0388665798,"15":0.0216206154,"16":0.0408743983,"17":0.0504481025,"18":0.006980826,"19":0.0078850092,"20":0.0149190224,"21":0.0154641917,"22":0.0167938728,"23":0.0241071191,"24":0.3445735713,"25":0.008669521,"26":0.0136425285,"27":0.0242134936,"28":0.01071723,"29":0.2311517698,"30":0.0117543813,"31":0.0144004468,"32":0.0086828179,"33":0.0290003457,"34":0.0175650879,"35":0.0117410845,"36":0.0176049783,"37":0.5739967556,"38":0.0215408345,"39":0.0085631466,"40":0.0247586629,"41":0.0100390926,"42":0.0207829163,"43":0.0367124963,"44":0.007685557,"45":0.0166077175,"46":0.0375767891,"47":0.0140813233,"48":0.0123527378,"49":0.0155971598,"50":0.0101188735,"51":0.012977688,"52":0.0267797782,"53":0.029758264,"54":0.011847459,"55":0.0026194719,"56":0.010504481,"57":0.0586921256,"58":0.0095471106,"59":0.019533016,"60":0.0051192724,"61":0.0088689732,"62":0.024253384,"63":0.0128979071,"64":0.0140015424,"65":0.11084222,"66":0.0087094115,"67":0.0072999495,"68":0.0185490519,"69":0.0032045316,"70":0.0052655373,"71":0.0097598596,"72":0.0187352073,"73":0.0060101588,"74":0.0078052283,"75":0.003244422,"76":0.0123660346,"77":0.0101986544,"78":0.0104114033,"79":0.0102784352,"80":0.0072334654,"81":0.3910858176,"82":0.015091881,"83":0.021155227,"84":0.0053719118,"85":0.0138552775,"86":0.0151849586,"87":0.0076456666,"88":0.1304949073,"89":0.005145866,"90":0.005996862,"91":0.0150253969,"92":0.0094939234,"93":0.0033640933},"gdp_inhabitant":{"0":0.6993801653,"1":0.3925619835,"2":0.2727272727,"3":0.5061983471,"4":0.4287190083,"5":0.2541322314,"6":0.3739669421,"7":0.3305785124,"8":1.0,"9":0.2592975207,"10":0.3274793388,"11":0.3595041322,"12":0.5929752066,"13":0.2561983471,"14":0.444214876,"15":0.3584710744,"16":0.4483471074,"17":0.3295454545,"18":0.25,"19":0.2592975207,"20":0.2851239669,"21":0.270661157,"22":0.2654958678,"23":0.4628099174,"24":0.652892562,"25":0.2592975207,"26":0.2613636364,"27":0.3119834711,"28":0.2675619835,"29":0.4669421488,"30":0.451446281,"31":0.3181818182,"32":0.2675619835,"33":0.2871900826,"34":0.1756198347,"35":0.097107438,"36":0.5030991736,"37":0.4008264463,"38":0.416322314,"39":0.3719008264,"40":0.326446281,"41":0.2654958678,"42":0.3037190083,"43":0.3388429752,"44":0.2851239669,"45":0.1033057851,"46":0.0981404959,"47":0.1353305785,"48":0.0785123967,"49":0.0816115702,"50":0.0919421488,"51":0.1973140496,"52":0.2975206612,"53":0.2469008264,"54":0.2035123967,"55":0.1880165289,"56":0.0578512397,"57":0.194214876,"58":0.0619834711,"59":0.1900826446,"60":0.1384297521,"61":0.0991735537,"62":0.1632231405,"63":0.1621900826,"64":0.173553719,"65":0.3295454545,"66":0.069214876,"67":0.0650826446,"68":0.048553719,"69":0.1229338843,"70":0.0402892562,"71":0.041322314,"72":0.1301652893,"73":0.0227272727,"74":0.0030991736,"75":0.173553719,"76":0.007231405,"77":0.0754132231,"78":0.0464876033,"79":0.0134297521,"80":0.0919421488,"81":0.0981404959,"82":0.041322314,"83":0.0578512397,"84":0.1012396694,"85":0.0588842975,"86":0.0268595041,"87":0.0134297521,"88":0.1993801653,"89":0.0196280992,"90":0.0,"91":0.0,"92":0.0144628099,"93":0.0041322314},"median_age":{"0":0.462633452,"1":0.7259786477,"2":0.665480427,"3":0.6512455516,"4":0.7971530249,"5":0.6085409253,"6":0.8113879004,"7":0.8505338078,"8":0.5943060498,"9":0.7117437722,"10":0.7793594306,"11":0.7117437722,"12":0.5160142349,"13":0.7295373665,"14":0.7900355872,"15":0.8398576512,"16":0.7651245552,"17":0.9323843416,"18":0.7900355872,"19":0.7651245552,"20":0.6868327402,"21":0.7651245552,"22":0.9715302491,"23":0.7829181495,"24":0.6476868327,"25":0.975088968,"26":1.0,"27":0.8754448399,"28":0.9786476868,"29":0.743772242,"30":0.7117437722,"31":0.6619217082,"32":0.8149466192,"33":0.9252669039,"34":0.7046263345,"35":0.6298932384,"36":0.6761565836,"37":0.6619217082,"38":0.7081850534,"39":0.8113879004,"40":0.8754448399,"41":0.7615658363,"42":0.7722419929,"43":0.8825622776,"44":0.8185053381,"45":0.6797153025,"46":0.6548042705,"47":0.6334519573,"48":0.6227758007,"49":0.7046263345,"50":0.743772242,"51":0.7544483986,"52":0.8754448399,"53":0.7330960854,"54":0.9003558719,"55":0.8291814947,"56":0.6334519573,"57":0.6832740214,"58":0.71886121,"59":0.6334519573,"60":0.7544483986,"61":0.7544483986,"62":0.7900355872,"63":0.6868327402,"64":0.8042704626,"65":0.7117437722,"66":0.6690391459,"67":0.7473309609,"68":0.7117437722,"69":0.7366548043,"70":0.5693950178,"71":0.6903914591,"72":0.7046263345,"73":0.8078291815,"74":0.7793594306,"75":0.6868327402,"76":0.4946619217,"77":0.7330960854,"78":0.5231316726,"79":0.5693950178,"80":0.8149466192,"81":0.3451957295,"82":0.4804270463,"83":0.3914590747,"84":0.8291814947,"85":0.359430605,"86":0.3274021352,"87":0.4982206406,"88":0.768683274,"89":0.3451957295,"90":0.1067615658,"91":0.0,"92":0.5053380783,"93":0.1245551601},"rate_migration":{"0":0.481865285,"1":0.6398963731,"2":0.5984455959,"3":0.6528497409,"4":0.6347150259,"5":0.3937823834,"6":0.5518134715,"7":0.603626943,"8":0.9093264249,"9":0.4378238342,"10":0.5906735751,"11":0.6424870466,"12":0.3549222798,"13":0.4300518135,"14":0.5984455959,"15":0.5829015544,"16":0.5569948187,"17":0.5284974093,"18":0.4507772021,"19":0.4533678756,"20":0.5751295337,"21":0.5984455959,"22":0.5129533679,"23":0.585492228,"24":0.5155440415,"25":0.6010362694,"26":0.5051813472,"27":0.6347150259,"28":0.7124352332,"29":0.432642487,"30":0.5777202073,"31":0.5259067358,"32":0.6113989637,"33":0.5725388601,"34":0.585492228,"35":0.4922279793,"36":0.5207253886,"37":0.6191709845,"38":0.6243523316,"39":0.5803108808,"40":0.5699481865,"41":0.6321243523,"42":0.5155440415,"43":0.5699481865,"44":0.7150259067,"45":0.5051813472,"46":0.4974093264,"47":0.4974093264,"48":0.4896373057,"49":0.4455958549,"50":0.621761658,"51":0.6813471503,"52":0.5077720207,"53":0.8005181347,"54":0.6321243523,"55":0.5880829016,"56":0.4352331606,"57":0.6813471503,"58":0.4378238342,"59":0.5725388601,"60":0.5803108808,"61":0.4637305699,"62":0.3886010363,"63":0.6450777202,"64":0.5932642487,"65":0.8549222798,"66":0.4792746114,"67":0.4404145078,"68":0.5388601036,"69":0.432642487,"70":0.4404145078,"71":0.4093264249,"72":0.4559585492,"73":0.4170984456,"74":0.4170984456,"75":0.585492228,"76":0.2694300518,"77":0.5259067358,"78":0.6373056995,"79":0.4766839378,"80":0.5621761658,"81":1.0,"82":0.6165803109,"83":0.7901554404,"84":0.5207253886,"85":0.7979274611,"86":0.6476683938,"87":0.2772020725,"88":0.5310880829,"89":0.3626943005,"90":0.0906735751,"91":0.3238341969,"92":0.1062176166,"93":0.0}}