{"val":{"0":14.2253998166,"1":14.4443748769,"2":13.3999105014,"3":15.2133515288,"4":13.2939787212,"5":14.8791952203,"6":12.3402204904,"7":14.3276469104,"8":15.2341802691,"9":13.6390435741,"10":14.2318809184,"11":14.7012753595,"12":13.200371188,"13":14.9104060603,"14":14.4878938805,"15":16.303703004,"16":14.9011897942,"17":16.5883507014,"18":17.1506809234,"19":15.3790318415,"20":14.6436197308,"21":14.0788485036,"22":14.4553060603,"23":15.6363619135,"24":13.8361100032,"25":14.3247505526,"26":14.435816371,"27":15.5299061547,"28":14.9905752866,"29":14.5355514207,"30":8.1945641413,"31":6.7278537926,"32":16.6019655322,"33":13.0712323831,"34":15.7115959716,"35":16.4962204269,"36":13.9154675609,"37":14.2829696787,"38":16.5189079036,"39":18.9180494132,"40":6.0625839109,"41":7.9252224189,"42":6.2191431958,"43":13.7959844271,"44":13.7885884674,"45":14.1729085598,"46":16.3481475538,"47":16.2555503254,"48":13.0383118349,"49":21.2637399985,"50":8.6451312695,"51":5.2950578028,"52":7.0923040424,"53":7.6260603039,"54":14.905714218,"55":12.7762310439,"56":15.3356358307,"57":12.0796863195,"58":11.1799094236,"59":19.109849065,"60":7.4019652143,"61":7.0884008943,"62":8.0284163481,"63":8.109200956,"64":0.7487493883,"65":2.0412636864,"66":11.5931311729,"67":12.6179591662,"68":12.9020599179,"69":19.3822694128,"70":9.1297689981,"71":5.7011847753,"72":7.7334220439,"73":7.9253252191,"74":2.0232019232,"75":-0.4213438154,"76":13.6202597562,"77":10.1902954278,"78":11.6006790644,"79":20.4583363398,"80":6.327310857,"81":6.4821487463,"82":7.4140242192,"83":2.1647813025,"84":1.5591035953,"85":0.3679489773,"86":1.2402103615,"87":12.0257604034,"88":11.5613381302,"89":19.5914815411,"90":6.5672289763,"91":7.3883439728,"92":0.892963024,"93":0.1239842237,"94":1.0123814751,"95":1.7230639412,"96":0.1864651599,"97":1.583778074,"98":13.1561767526,"99":19.2741889263},"region":{"0":1.0,"1":1.0,"2":1.0,"3":1.0,"4":1.0,"5":1.0,"6":1.0,"7":1.0,"8":1.0,"9":1.0,"10":1.0,"11":1.0,"12":1.0,"13":1.0,"14":1.0,"15":1.0,"16":1.0,"17":1.0,"18":1.0,"19":1.0,"20":1.0,"21":1.0,"22":1.0,"23":1.0,"24":1.0,"25":1.0,"26":1.0,"27":1.0,"28":1.0,"29":1.0,"30":3.0,"31":3.0,"32":1.0,"33":1.0,"34":1.0,"35":1.0,"36":1.0,"37":1.0,"38":1.0,"39":0.0,"40":3.0,"41":3.0,"42":3.0,"43":1.0,"44":1.0,"45":1.0,"46":1.0,"47":1.0,"48":4.0,"49":0.0,"50":3.0,"51":3.0,"52":3.0,"53":3.0,"54":1.0,"55":1.0,"56":1.0,"57":4.0,"58":4.0,"59":0.0,"60":3.0,"61":3.0,"62":3.0,"63":3.0,"64":2.0,"65":2.0,"66":4.0,"67":4.0,"68":4.0,"69":0.0,"70":3.0,"71":3.0,"72":3.0,"73":3.0,"74":2.0,"75":2.0,"76":4.0,"77":4.0,"78":4.0,"79":0.0,"80":3.0,"81":3.0,"82":3.0,"83":2.0,"84":2.0,"85":2.0,"86":2.0,"87":4.0,"88":4.0,"89":0.0,"90":3.0,"91":3.0,"92":2.0,"93":2.0,"94":2.0,"95":2.0,"96":2.0,"97":2.0,"98":4.0,"99":0.0}}