{"val":{"0":6.5757036235,"1":8.029140596,"2":9.4386846215,"3":8.5056589792,"4":1.5914528911,"5":2.8004353455,"6":2.829877859,"7":0.6648385759,"8":2.6426670524,"9":2.4907800772,"10":7.2559848248,"11":5.5612215925,"12":9.041707838,"13":8.8940236433,"14":16.427236516,"15":12.4129884657,"16":2.8960381921,"17":1.6092443699,"18":1.8426842281,"19":2.517354001,"20":8.2097348399,"21":7.5249022211,"22":8.7813860722,"23":18.5035662359,"24":17.2647625347,"25":12.6897117254,"26":14.3654573944,"27":13.0931661652,"28":12.7317859525,"29":13.6139916355,"30":5.6426022256,"31":8.9913639185,"32":6.9927012041,"33":18.9451337794,"34":15.8899781733,"35":12.4092682488,"36":11.0033233072,"37":13.4793663401,"38":12.5552659725,"39":14.8213857921,"40":7.13639383,"41":8.4138081621,"42":7.6455058689,"43":17.8653172912,"44":18.495731828,"45":11.3373156313,"46":12.8157628209,"47":14.1114496963,"48":12.0646295372,"49":12.0566597845,"50":0.355625484,"51":9.277507194,"52":7.5883969494,"53":18.6928663747,"54":18.561449747,"55":12.0478381268,"56":15.5464243161,"57":14.2109356295,"58":13.4641937886,"59":14.0091672432,"60":-1.1155851768,"61":0.20064152,"62":2.4967803962,"63":18.676805793,"64":17.6473908394,"65":12.0367297298,"66":11.6011572653,"67":13.0023028323,"68":11.0310210612,"69":12.0128792692,"70":-0.1484148613,"71":1.1959449044,"72":-1.2126986497,"73":3.0356916624,"74":18.5490261049,"75":12.5996996972,"76":10.930304113,"77":12.5133296735,"78":14.3296930951,"79":14.9362050618,"80":1.1865588935,"81":-0.6976707945,"82":2.1210022356,"83":-0.2821007948,"84":2.0824987301,"85":13.3789030937,"86":11.5713240839,"87":15.0833376047,"88":11.7813926467,"89":14.0722141982,"90":1.238182914,"91":-0.0822245699,"92":0.0017794263,"93":0.0336339996,"94":0.2449318847,"95":1.5284198493,"96":0.8215934733,"97":2.4239717872,"98":-0.1925066521,"99":-1.0114164285},"region":{"0":0.0,"1":0.0,"2":0.0,"3":0.0,"4":1.0,"5":1.0,"6":1.0,"7":1.0,"8":1.0,"9":1.0,"10":0.0,"11":0.0,"12":0.0,"13":0.0,"14":3.0,"15":2.0,"16":1.0,"17":1.0,"18":1.0,"19":1.0,"20":0.0,"21":0.0,"22":0.0,"23":3.0,"24":3.0,"25":2.0,"26":2.0,"27":2.0,"28":2.0,"29":2.0,"30":0.0,"31":0.0,"32":0.0,"33":3.0,"34":3.0,"35":2.0,"36":2.0,"37":2.0,"38":2.0,"39":2.0,"40":0.0,"41":0.0,"42":0.0,"43":3.0,"44":3.0,"45":2.0,"46":2.0,"47":2.0,"48":2.0,"49":2.0,"50":4.0,"51":0.0,"52":0.0,"53":3.0,"54":3.0,"55":2.0,"56":2.0,"57":2.0,"58":2.0,"59":2.0,"60":4.0,"61":4.0,"62":4.0,"63":3.0,"64":3.0,"65":2.0,"66":2.0,"67":2.0,"68":2.0,"69":2.0,"70":4.0,"71":4.0,"72":4.0,"73":4.0,"74":3.0,"75":2.0,"76":2.0,"77":2.0,"78":2.0,"79":2.0,"80":4.0,"81":4.0,"82":4.0,"83":4.0,"84":4.0,"85":2.0,"86":2.0,"87":2.0,"88":2.0,"89":2.0,"90":4.0,"91":4.0,"92":4.0,"93":4.0,"94":4.0,"95":4.0,"96":4.0,"97":4.0,"98":4.0,"99":4.0}}