{"val":{"0":19.8325126954,"1":18.8407653165,"2":20.4415202603,"3":20.5051847987,"4":19.8721339741,"5":20.312512311,"6":22.1817213616,"7":20.2941930166,"8":28.5550454351,"9":22.27003617,"10":20.318863861,"11":19.0162210758,"12":19.2128047153,"13":18.7475068214,"14":19.4083710515,"15":19.3755814583,"16":21.6951822071,"17":18.7679867895,"18":27.5228600824,"19":22.982173503,"20":20.7499817266,"21":20.8912613487,"22":21.0379776755,"23":20.9603850482,"24":20.7569421498,"25":18.4115847042,"26":20.3744950274,"27":20.64599338,"28":28.4941143186,"29":22.6674829331,"30":18.8018147325,"31":21.0148256757,"32":20.9584910742,"33":21.1945215278,"34":19.1670831204,"35":22.4481327888,"36":20.4390666275,"37":19.51415195,"38":28.1223119297,"39":21.5667633999,"40":18.9477022978,"41":19.5870037881,"42":18.2720789791,"43":19.6908866281,"44":19.1208552282,"45":22.9106322406,"46":19.4741784493,"47":29.611128708,"48":28.8463378747,"49":21.6983067532,"50":20.4530745168,"51":21.2809000635,"52":20.5933184995,"53":21.6997604274,"54":15.741657897,"55":15.3372088606,"56":14.7478825826,"57":29.806126932,"58":29.1884856645,"59":22.8322055354,"60":21.8170351284,"61":20.5932246553,"62":21.2183807469,"63":14.6486865355,"64":15.3391782008,"65":13.7520241979,"66":13.3897128397,"67":30.7911873656,"68":27.5698249601,"69":21.4863487267,"70":14.7928277354,"71":15.7759358565,"72":14.6237345428,"73":14.4769430998,"74":15.1869318809,"75":13.7440377774,"76":14.9362069133,"77":28.8503299536,"78":27.9745945595,"79":22.111495205,"80":14.1462926439,"81":15.9539258603,"82":13.5241118387,"83":13.9581416329,"84":15.3152154696,"85":15.4408863855,"86":15.2689898727,"87":29.6303936395,"88":28.9354825718,"89":22.01795661,"90":15.8380807754,"91":15.0439429829,"92":13.3222302762,"93":14.2793681722,"94":15.4300342744,"95":14.5068141512,"96":29.2517177642,"97":29.5661389983,"98":27.5768046004,"99":3.7969544878},"region":{"0":2.0,"1":2.0,"2":2.0,"3":2.0,"4":2.0,"5":2.0,"6":2.0,"7":2.0,"8":0.0,"9":1.0,"10":2.0,"11":2.0,"12":2.0,"13":2.0,"14":2.0,"15":2.0,"16":2.0,"17":2.0,"18":0.0,"19":1.0,"20":2.0,"21":2.0,"22":2.0,"23":2.0,"24":2.0,"25":2.0,"26":2.0,"27":2.0,"28":0.0,"29":1.0,"30":2.0,"31":2.0,"32":2.0,"33":2.0,"34":2.0,"35":2.0,"36":2.0,"37":2.0,"38":0.0,"39":1.0,"40":2.0,"41":2.0,"42":2.0,"43":2.0,"44":2.0,"45":2.0,"46":2.0,"47":0.0,"48":0.0,"49":1.0,"50":2.0,"51":2.0,"52":2.0,"53":2.0,"54":3.0,"55":3.0,"56":3.0,"57":0.0,"58":0.0,"59":1.0,"60":2.0,"61":2.0,"62":2.0,"63":3.0,"64":3.0,"65":3.0,"66":3.0,"67":0.0,"68":0.0,"69":1.0,"70":3.0,"71":3.0,"72":3.0,"73":3.0,"74":3.0,"75":3.0,"76":3.0,"77":0.0,"78":0.0,"79":1.0,"80":3.0,"81":3.0,"82":3.0,"83":3.0,"84":3.0,"85":3.0,"86":3.0,"87":0.0,"88":0.0,"89":1.0,"90":3.0,"91":3.0,"92":3.0,"93":3.0,"94":3.0,"95":3.0,"96":0.0,"97":0.0,"98":0.0,"99":4.0}}