{"val":{"0":1.4243079281,"1":3.0412737149,"2":4.3452817848,"3":13.6087879507,"4":13.537113421,"5":13.1869724767,"6":13.6651059184,"7":13.4384989323,"8":14.9290642417,"9":15.0497404996,"10":0.9830887892,"11":3.7637997916,"12":3.381513562,"13":15.0576168871,"14":13.6293406194,"15":14.4615268239,"16":13.6178998089,"17":11.9206639685,"18":15.359804262,"19":14.2940386893,"20":2.0211967756,"21":2.2176539649,"22":2.2882522493,"23":15.5395292543,"24":14.8330859746,"25":13.0044096382,"26":12.8117827361,"27":14.7334385163,"28":19.8160440952,"29":18.6404294564,"30":3.4054763302,"31":3.7418101418,"32":2.8176478291,"33":5.452970046,"34":8.9451870332,"35":8.5106025992,"36":6.9294125022,"37":6.8309398151,"38":20.0315394825,"39":17.577288003,"40":1.7403761093,"41":2.231917063,"42":8.0262863688,"43":7.8041386149,"44":5.3965573084,"45":7.2830804747,"46":8.3881753712,"47":7.0261024018,"48":18.7360903697,"49":18.6847235414,"50":3.7385921004,"51":1.3619134604,"52":5.5091412202,"53":5.6656208928,"54":8.2603918264,"55":7.735113927,"56":6.3466850486,"57":17.8896893676,"58":18.2633445713,"59":16.8221613937,"60":2.2063233639,"61":11.3072936683,"62":12.8096283385,"63":11.2732372655,"64":11.8630884099,"65":9.1164671186,"66":5.1142790492,"67":19.8612938303,"68":20.8820177341,"69":19.1295054015,"70":10.7702475818,"71":10.6779336966,"72":11.0797578876,"73":13.6515200595,"74":11.653398814,"75":12.2178778256,"76":11.8663665832,"77":17.38950489,"78":20.316818208,"79":20.379687378,"80":11.5415035834,"81":11.6467591738,"82":11.3286877486,"83":13.3285247606,"84":11.9198430901,"85":11.7651643477,"86":11.9670310093,"87":9.4778781479,"88":20.5852826641,"89":18.8627686169,"90":13.6589441448,"91":11.3654887461,"92":13.2430446517,"93":12.2495115989,"94":12.3236133717,"95":11.0444969077,"96":12.6402559164,"97":11.3949152218,"98":21.0527443053,"99":18.3835568992},"region":{"0":0.0,"1":0.0,"2":0.0,"3":3.0,"4":3.0,"5":3.0,"6":3.0,"7":3.0,"8":3.0,"9":3.0,"10":0.0,"11":0.0,"12":0.0,"13":3.0,"14":3.0,"15":3.0,"16":3.0,"17":3.0,"18":3.0,"19":3.0,"20":0.0,"21":0.0,"22":0.0,"23":3.0,"24":3.0,"25":3.0,"26":3.0,"27":3.0,"28":2.0,"29":2.0,"30":0.0,"31":0.0,"32":0.0,"33":1.0,"34":1.0,"35":1.0,"36":1.0,"37":1.0,"38":2.0,"39":2.0,"40":0.0,"41":0.0,"42":1.0,"43":1.0,"44":1.0,"45":1.0,"46":1.0,"47":1.0,"48":2.0,"49":2.0,"50":0.0,"51":0.0,"52":1.0,"53":1.0,"54":1.0,"55":1.0,"56":1.0,"57":2.0,"58":2.0,"59":2.0,"60":0.0,"61":4.0,"62":4.0,"63":4.0,"64":4.0,"65":1.0,"66":1.0,"67":2.0,"68":2.0,"69":2.0,"70":4.0,"71":4.0,"72":4.0,"73":4.0,"74":4.0,"75":4.0,"76":4.0,"77":2.0,"78":2.0,"79":2.0,"80":4.0,"81":4.0,"82":4.0,"83":4.0,"84":4.0,"85":4.0,"86":4.0,"87":4.0,"88":2.0,"89":2.0,"90":4.0,"91":4.0,"92":4.0,"93":4.0,"94":4.0,"95":4.0,"96":4.0,"97":4.0,"98":2.0,"99":2.0}}