{"val":{"0":16.5494683424,"1":1.6190069857,"2":15.7463936261,"3":15.4023110815,"4":15.1828410299,"5":9.0538033627,"6":15.5869120394,"7":5.6309097971,"8":5.2093713544,"9":6.084160779,"10":18.2219349735,"11":2.491943148,"12":16.327001368,"13":16.7536927315,"14":16.3366035529,"15":10.6673127656,"16":15.188204541,"17":6.7960144821,"18":6.5619290705,"19":6.0876451216,"20":17.2483826882,"21":1.8063638978,"22":15.9906390568,"23":13.9304268619,"24":16.3135744258,"25":9.3644592138,"26":14.679928142,"27":10.0277748361,"28":5.8351446098,"29":15.0673367844,"30":18.2176658936,"31":2.425748855,"32":16.4373944981,"33":14.5316260048,"34":11.584803879,"35":11.490736678,"36":9.9762497394,"37":10.8861312604,"38":13.7800975112,"39":14.2831007076,"40":10.3902175469,"41":2.4156301304,"42":17.9795973266,"43":10.7052963958,"44":8.9295052832,"45":10.9332197934,"46":9.722412289,"47":10.3924707048,"48":11.9690176193,"49":14.4281182082,"50":10.336158426,"51":10.9855104724,"52":17.561754413,"53":9.8677454227,"54":10.3444414366,"55":11.7225141644,"56":9.37477794,"57":11.7919967976,"58":13.7788671193,"59":14.8418891408,"60":10.0717242894,"61":10.2513502608,"62":16.7221202079,"63":17.7084961409,"64":9.1533306021,"65":0.3359286141,"66":1.5454132082,"67":0.1659786093,"68":3.6641506643,"69":15.8668963064,"70":11.7583330366,"71":8.3043853321,"72":10.1353362844,"73":10.3317669627,"74":9.4320457152,"75":1.1283468551,"76":8.4187877748,"77":8.1784710794,"78":14.909350956,"79":15.9404602264,"80":3.6145273729,"81":0.1892912783,"82":8.9416090954,"83":9.9689504603,"84":9.6770544108,"85":8.9316070092,"86":10.3180823455,"87":11.6890663491,"88":18.1102533224,"89":17.1368049486,"90":2.920712353,"91":2.3740629662,"92":11.70234413,"93":10.2515660668,"94":9.5138204887,"95":9.099818013,"96":11.4695766278,"97":10.2478522155,"98":16.7189086889,"99":17.427572947},"region":{"0":7.0,"1":6.0,"2":1.0,"3":1.0,"4":1.0,"5":0.0,"6":9.0,"7":5.0,"8":5.0,"9":5.0,"10":7.0,"11":6.0,"12":1.0,"13":1.0,"14":1.0,"15":0.0,"16":9.0,"17":5.0,"18":5.0,"19":5.0,"20":7.0,"21":6.0,"22":1.0,"23":1.0,"24":1.0,"25":0.0,"26":9.0,"27":0.0,"28":5.0,"29":2.0,"30":7.0,"31":6.0,"32":1.0,"33":1.0,"34":0.0,"35":0.0,"36":0.0,"37":0.0,"38":2.0,"39":2.0,"40":0.0,"41":6.0,"42":1.0,"43":0.0,"44":0.0,"45":0.0,"46":0.0,"47":0.0,"48":2.0,"49":2.0,"50":0.0,"51":0.0,"52":1.0,"53":0.0,"54":0.0,"55":0.0,"56":0.0,"57":0.0,"58":2.0,"59":2.0,"60":0.0,"61":0.0,"62":1.0,"63":1.0,"64":0.0,"65":3.0,"66":3.0,"67":3.0,"68":3.0,"69":4.0,"70":0.0,"71":0.0,"72":0.0,"73":0.0,"74":0.0,"75":3.0,"76":0.0,"77":0.0,"78":4.0,"79":4.0,"80":8.0,"81":8.0,"82":0.0,"83":0.0,"84":0.0,"85":0.0,"86":0.0,"87":0.0,"88":4.0,"89":4.0,"90":8.0,"91":8.0,"92":0.0,"93":0.0,"94":0.0,"95":0.0,"96":0.0,"97":0.0,"98":4.0,"99":4.0}}