{"val":{"0":15.4058571252,"1":12.2006728739,"2":13.8810198621,"3":15.153435015,"4":13.3385591428,"5":12.7446642373,"6":0.4427781115,"7":2.1378561444,"8":-0.4631439528,"9":3.9488252928,"10":13.7974330832,"11":13.5598159858,"12":14.8699419719,"13":13.3289598766,"14":14.2544181274,"15":14.0069796894,"16":2.2115103027,"17":2.2774462469,"18":1.8716204373,"19":2.2547416205,"20":14.7607048494,"21":14.2083461307,"22":15.1090460601,"23":13.3718665739,"24":14.1887283856,"25":14.3640889443,"26":3.670019402,"27":1.9247769874,"28":3.2480671006,"29":1.5030328859,"30":14.5395498225,"31":14.8823967648,"32":12.9355292546,"33":13.4006880154,"34":15.2207381917,"35":13.4170029414,"36":2.3549681552,"37":3.2545407722,"38":2.6443581563,"39":2.2421088201,"40":14.9404485825,"41":15.3598250673,"42":14.1929621473,"43":14.3368174732,"44":10.3793962486,"45":14.4645121278,"46":14.5571647158,"47":14.821520072,"48":14.3415030144,"49":14.2099341553,"50":13.1989830291,"51":14.086575345,"52":14.9991753354,"53":14.8760357256,"54":14.0987897244,"55":14.180640954,"56":3.8071503028,"57":3.7891796523,"58":4.7111434931,"59":9.0976506677,"60":20.2512813244,"61":18.8374191123,"62":18.3303704027,"63":5.533781232,"64":2.9217826357,"65":3.7217856796,"66":4.3259592999,"67":5.7815728325,"68":5.4990402936,"69":10.0008339048,"70":17.2150034736,"71":17.3875721675,"72":17.5747194326,"73":18.7084559901,"74":4.9369966952,"75":3.9623996311,"76":5.7808379059,"77":4.846003673,"78":9.8313940087,"79":8.2188985934,"80":16.9604206672,"81":17.8896603168,"82":16.6715427962,"83":16.6804947995,"84":17.658865059,"85":4.2208971411,"86":3.2979912961,"87":8.9749883095,"88":11.2615091738,"89":10.6015699991,"90":19.6744362992,"91":18.5743641682,"92":18.3228414133,"93":16.5816896222,"94":16.5455909364,"95":17.8560396225,"96":8.8605448611,"97":9.5413610364,"98":10.3046138351,"99":9.8377242277},"region":{"0":0.0,"1":0.0,"2":0.0,"3":0.0,"4":0.0,"5":0.0,"6":1.0,"7":1.0,"8":1.0,"9":1.0,"10":0.0,"11":0.0,"12":0.0,"13":0.0,"14":0.0,"15":0.0,"16":1.0,"17":1.0,"18":1.0,"19":1.0,"20":0.0,"21":0.0,"22":0.0,"23":0.0,"24":0.0,"25":0.0,"26":1.0,"27":1.0,"28":1.0,"29":1.0,"30":0.0,"31":0.0,"32":0.0,"33":0.0,"34":0.0,"35":0.0,"36":1.0,"37":1.0,"38":1.0,"39":1.0,"40":0.0,"41":0.0,"42":0.0,"43":0.0,"44":0.0,"45":0.0,"46":0.0,"47":0.0,"48":0.0,"49":0.0,"50":0.0,"51":0.0,"52":0.0,"53":0.0,"54":0.0,"55":0.0,"56":4.0,"57":4.0,"58":4.0,"59":3.0,"60":2.0,"61":2.0,"62":2.0,"63":4.0,"64":4.0,"65":4.0,"66":4.0,"67":4.0,"68":4.0,"69":3.0,"70":2.0,"71":2.0,"72":2.0,"73":2.0,"74":4.0,"75":4.0,"76":4.0,"77":4.0,"78":3.0,"79":3.0,"80":2.0,"81":2.0,"82":2.0,"83":2.0,"84":2.0,"85":4.0,"86":4.0,"87":3.0,"88":3.0,"89":3.0,"90":2.0,"91":2.0,"92":2.0,"93":2.0,"94":2.0,"95":2.0,"96":3.0,"97":3.0,"98":3.0,"99":3.0}}