{"val":{"0":23.1523306913,"1":21.8596831659,"2":22.9049629353,"3":22.5609646465,"4":21.5077013197,"5":22.4584645892,"6":21.1613650408,"7":21.3819345321,"8":21.3594860686,"9":21.8194949218,"10":22.7990549206,"11":22.523215875,"12":21.9791581768,"13":22.0277595966,"14":20.8146656758,"15":22.5123155355,"16":21.5018840585,"17":21.3808571607,"18":13.7357520863,"19":15.6694854311,"20":22.3874745502,"21":21.5098147163,"22":23.1782850808,"23":22.4441656278,"24":21.0311785476,"25":23.0258224822,"26":21.9723391372,"27":8.6801480774,"28":14.6260055164,"29":12.7927264639,"30":23.5865228313,"31":20.8727997741,"32":22.6486950567,"33":23.3000620114,"34":20.7309768463,"35":20.4296726469,"36":7.3140616746,"37":8.8118456303,"38":14.6669470466,"39":14.5085633661,"40":22.8172972165,"41":22.067398661,"42":22.3342514474,"43":21.7418315551,"44":21.4867200315,"45":8.0792387868,"46":9.0337590282,"47":7.5203336909,"48":14.4345099971,"49":15.7827771021,"50":21.078629023,"51":20.7276822183,"52":22.6809698136,"53":21.7083662393,"54":6.146514775,"55":8.2339622035,"56":9.2070645582,"57":9.9802859605,"58":13.8031013197,"59":12.8180422248,"60":6.4903305478,"61":2.3035174061,"62":4.3614665221,"63":2.0065426339,"64":3.5307615937,"65":8.615548452,"66":10.2342513139,"67":8.5083744783,"68":13.5688401997,"69":13.8903270639,"70":5.5416774519,"71":5.0010155385,"72":2.5398295131,"73":3.6205665678,"74":5.0370491236,"75":4.040628628,"76":8.724202074,"77":8.8341896138,"78":29.1422910698,"79":31.412319454,"80":2.9532024953,"81":5.7894776035,"82":4.1346837667,"83":4.4430069488,"84":3.1953808268,"85":5.3393022109,"86":29.7720887824,"87":30.1893236047,"88":30.2108223262,"89":30.0199105662,"90":3.4291133522,"91":3.861811032,"92":4.0360623484,"93":2.5968272864,"94":3.6697768174,"95":4.6328107589,"96":3.0775772483,"97":30.7578629141,"98":29.7036329035,"99":30.0447108382},"region":{"0":0.0,"1":0.0,"2":0.0,"3":0.0,"4":0.0,"5":0.0,"6":0.0,"7":0.0,"8":0.0,"9":0.0,"10":0.0,"11":0.0,"12":0.0,"13":0.0,"14":0.0,"15":0.0,"16":0.0,"17":0.0,"18":3.0,"19":3.0,"20":0.0,"21":0.0,"22":0.0,"23":0.0,"24":0.0,"25":0.0,"26":0.0,"27":4.0,"28":3.0,"29":3.0,"30":0.0,"31":0.0,"32":0.0,"33":0.0,"34":0.0,"35":0.0,"36":4.0,"37":4.0,"38":3.0,"39":3.0,"40":0.0,"41":0.0,"42":0.0,"43":0.0,"44":0.0,"45":4.0,"46":4.0,"47":4.0,"48":3.0,"49":3.0,"50":0.0,"51":0.0,"52":0.0,"53":0.0,"54":1.0,"55":4.0,"56":4.0,"57":4.0,"58":3.0,"59":3.0,"60":1.0,"61":1.0,"62":1.0,"63":1.0,"64":1.0,"65":4.0,"66":4.0,"67":4.0,"68":3.0,"69":3.0,"70":1.0,"71":1.0,"72":1.0,"73":1.0,"74":1.0,"75":1.0,"76":4.0,"77":4.0,"78":2.0,"79":2.0,"80":1.0,"81":1.0,"82":1.0,"83":1.0,"84":1.0,"85":1.0,"86":2.0,"87":2.0,"88":2.0,"89":2.0,"90":1.0,"91":1.0,"92":1.0,"93":1.0,"94":1.0,"95":1.0,"96":1.0,"97":2.0,"98":2.0,"99":2.0}}