{"val":{"0":9.282598874,"1":9.1304356869,"2":9.162302525,"3":8.9126747352,"4":6.2254896343,"5":7.1445323419,"6":6.8072758229,"7":7.1297753869,"8":7.2880853857,"9":8.4676772007,"10":7.4730686495,"11":9.1594925063,"12":9.1952260546,"13":8.6423511613,"14":7.4017690172,"15":27.1659358124,"16":26.8050119484,"17":26.9786155314,"18":26.4262804063,"19":24.8048532841,"20":8.3874915721,"21":8.1787730438,"22":7.6971824994,"23":8.1494110142,"24":26.1277706801,"25":27.2952372627,"26":27.915584209,"27":26.0945253943,"28":26.1509891101,"29":27.4439146068,"30":20.710351058,"31":21.1078080326,"32":20.8270950587,"33":20.932171854,"34":28.0633603937,"35":26.3651003104,"36":29.0828705844,"37":26.5123681592,"38":24.7678366067,"39":27.6377348646,"40":19.8275808592,"41":20.4036754585,"42":19.4809303556,"43":20.0120999998,"44":26.8703817968,"45":27.3908485738,"46":24.9195636971,"47":26.5370111216,"48":25.7366234824,"49":24.9824836723,"50":20.4477063208,"51":21.7572827449,"52":21.5988696694,"53":21.2735519842,"54":25.0141141654,"55":26.662539875,"56":24.9000620931,"57":28.1203403127,"58":26.8548179193,"59":26.5189943095,"60":2.3797771254,"61":2.8276133284,"62":20.4044574273,"63":18.8988868418,"64":25.4698754945,"65":26.0318212035,"66":28.2236320685,"67":26.6553340584,"68":27.9489890115,"69":26.5228131834,"70":1.4994215782,"71":1.0763902802,"72":4.0407996917,"73":10.5155999812,"74":27.8964963098,"75":26.6526907559,"76":27.8611830271,"77":26.5278254635,"78":27.5133939534,"79":26.7853718345,"80":2.9790670613,"81":2.1745780093,"82":1.5124373886,"83":11.503739437,"84":10.2578145527,"85":24.6994650238,"86":26.4273070274,"87":28.6618459978,"88":25.8015656129,"89":27.0330489006,"90":2.3982542418,"91":1.6413729897,"92":9.1732356242,"93":9.8318955491,"94":8.6133843794,"95":8.9030942663,"96":9.1212649264,"97":10.3166935055,"98":9.097761667,"99":10.4517451965},"region":{"0":4.0,"1":4.0,"2":4.0,"3":4.0,"4":4.0,"5":4.0,"6":4.0,"7":4.0,"8":4.0,"9":4.0,"10":4.0,"11":4.0,"12":4.0,"13":4.0,"14":4.0,"15":2.0,"16":2.0,"17":2.0,"18":2.0,"19":2.0,"20":4.0,"21":4.0,"22":4.0,"23":4.0,"24":2.0,"25":2.0,"26":2.0,"27":2.0,"28":2.0,"29":2.0,"30":1.0,"31":1.0,"32":1.0,"33":1.0,"34":2.0,"35":2.0,"36":2.0,"37":2.0,"38":2.0,"39":2.0,"40":1.0,"41":1.0,"42":1.0,"43":1.0,"44":2.0,"45":2.0,"46":2.0,"47":2.0,"48":2.0,"49":2.0,"50":1.0,"51":1.0,"52":1.0,"53":1.0,"54":2.0,"55":2.0,"56":2.0,"57":2.0,"58":2.0,"59":2.0,"60":0.0,"61":0.0,"62":1.0,"63":1.0,"64":2.0,"65":2.0,"66":2.0,"67":2.0,"68":2.0,"69":2.0,"70":0.0,"71":0.0,"72":0.0,"73":3.0,"74":2.0,"75":2.0,"76":2.0,"77":2.0,"78":2.0,"79":2.0,"80":0.0,"81":0.0,"82":0.0,"83":3.0,"84":3.0,"85":2.0,"86":2.0,"87":2.0,"88":2.0,"89":2.0,"90":0.0,"91":0.0,"92":3.0,"93":3.0,"94":3.0,"95":3.0,"96":3.0,"97":3.0,"98":3.0,"99":3.0}}