{"val":{"0":28.6436360693,"1":29.1495275013,"2":27.3465833037,"3":29.1100324653,"4":28.3152300763,"5":29.0848097253,"6":29.5136722173,"7":27.7879220586,"8":30.3704667752,"9":27.7558288897,"10":29.3605769251,"11":28.2819561409,"12":30.827971035,"13":30.068977052,"14":27.9571989495,"15":28.8234386574,"16":29.7077072972,"17":29.768866982,"18":27.7808182135,"19":29.4032458382,"20":27.2347341845,"21":29.5370057229,"22":7.9549964569,"23":9.5061830757,"24":7.6401663195,"25":8.7075432861,"26":9.8435479569,"27":8.0536202864,"28":8.0343715111,"29":8.9347369836,"30":29.0633094158,"31":28.3358312826,"32":8.2844302845,"33":7.6533519983,"34":7.7095227486,"35":19.1755623636,"36":18.5384666064,"37":29.9164369009,"38":27.5637462794,"39":28.6915288115,"40":2.9608829788,"41":2.6500772646,"42":8.4141561791,"43":7.1896254736,"44":18.3431891123,"45":18.0976140468,"46":18.5535701923,"47":28.9341818876,"48":29.0455597641,"49":29.2429983037,"50":1.9794355631,"51":2.8352057703,"52":2.0299273854,"53":2.818088447,"54":18.2439653881,"55":16.768082502,"56":19.567067339,"57":29.0164010877,"58":28.6891765997,"59":30.7152742127,"60":1.8704786001,"61":4.1358277876,"62":2.5654636732,"63":2.8614470836,"64":20.3419181043,"65":20.9827248411,"66":19.033595651,"67":30.5176340112,"68":30.8491139667,"69":29.7434957178,"70":1.3949124644,"71":2.8472787503,"72":2.9396623306,"73":1.8919447617,"74":19.9056145286,"75":19.4258178747,"76":28.9172033942,"77":27.7845797141,"78":30.3101742428,"79":29.1205595551,"80":2.3132048967,"81":0.9751853153,"82":0.4367049364,"83":1.6978974592,"84":28.8413891235,"85":31.288215859,"86":28.0767595766,"87":26.894186198,"88":29.8325160722,"89":28.1086167599,"90":2.0246920326,"91":3.5096761891,"92":3.116589208,"93":1.0901974031,"94":29.9805034074,"95":27.4337101509,"96":28.6887649492,"97":28.3766341342,"98":29.6411671213,"99":29.0813518474},"region":{"0":0.0,"1":0.0,"2":0.0,"3":0.0,"4":0.0,"5":0.0,"6":0.0,"7":0.0,"8":0.0,"9":0.0,"10":0.0,"11":0.0,"12":0.0,"13":0.0,"14":0.0,"15":0.0,"16":0.0,"17":0.0,"18":0.0,"19":0.0,"20":0.0,"21":0.0,"22":4.0,"23":4.0,"24":4.0,"25":4.0,"26":4.0,"27":4.0,"28":4.0,"29":4.0,"30":0.0,"31":0.0,"32":4.0,"33":4.0,"34":4.0,"35":3.0,"36":3.0,"37":2.0,"38":2.0,"39":2.0,"40":1.0,"41":1.0,"42":4.0,"43":4.0,"44":3.0,"45":3.0,"46":3.0,"47":2.0,"48":2.0,"49":2.0,"50":1.0,"51":1.0,"52":1.0,"53":1.0,"54":3.0,"55":3.0,"56":3.0,"57":2.0,"58":2.0,"59":2.0,"60":1.0,"61":1.0,"62":1.0,"63":1.0,"64":3.0,"65":3.0,"66":3.0,"67":2.0,"68":2.0,"69":2.0,"70":1.0,"71":1.0,"72":1.0,"73":1.0,"74":3.0,"75":3.0,"76":2.0,"77":2.0,"78":2.0,"79":2.0,"80":1.0,"81":1.0,"82":1.0,"83":1.0,"84":2.0,"85":2.0,"86":2.0,"87":2.0,"88":2.0,"89":2.0,"90":1.0,"91":1.0,"92":1.0,"93":1.0,"94":2.0,"95":2.0,"96":2.0,"97":2.0,"98":2.0,"99":2.0}}