{"val":{"0":14.5461121149,"1":14.7012149754,"2":15.9181768584,"3":12.5032109248,"4":12.3266691087,"5":12.3259734203,"6":11.8541462985,"7":14.3368927435,"8":12.1885683499,"9":11.9112634045,"10":15.8269961367,"11":15.2674703706,"12":13.8437286656,"13":11.9314866404,"14":11.1312837547,"15":12.2499794677,"16":12.9821084182,"17":12.9816290719,"18":2.9505951005,"19":2.5730004177,"20":15.3411690202,"21":14.7398788507,"22":14.7701905234,"23":12.2530630959,"24":14.5364910028,"25":11.3184964702,"26":13.65618918,"27":4.0917925891,"28":3.1979604133,"29":3.0685679155,"30":15.1127687289,"31":13.0462347607,"32":15.1638871241,"33":12.3508956868,"34":12.8400761431,"35":19.474390957,"36":7.7210893415,"37":2.2864147469,"38":3.2526540064,"39":0.9620993446,"40":17.1231852669,"41":14.7617103795,"42":14.1657979952,"43":12.3500782972,"44":19.6800701347,"45":17.0821384864,"46":8.9693730152,"47":3.2410241217,"48":2.0410892963,"49":3.0851153445,"50":15.6694423772,"51":15.2758115417,"52":14.0289095639,"53":18.1800147229,"54":19.142268693,"55":18.4218779612,"56":6.808584442,"57":3.4286627876,"58":1.9364015651,"59":3.3095836847,"60":19.1761135069,"61":18.591352727,"62":18.8799852504,"63":19.9337028112,"64":20.1842855673,"65":19.2501883311,"66":8.9397821064,"67":3.4920647333,"68":3.2464079559,"69":1.5548234798,"70":18.9550930535,"71":17.7449199696,"72":19.0168141303,"73":18.2352063396,"74":18.4230758118,"75":19.9899092544,"76":8.106064188,"77":4.2460807676,"78":2.4552018314,"79":3.6953131397,"80":19.4369309133,"81":19.935017382,"82":18.8362391906,"83":19.6928698491,"84":19.7984725857,"85":19.2382344675,"86":11.1498708762,"87":10.0635996035,"88":2.9615687245,"89":2.3756123063,"90":7.846806042,"91":9.528497673,"92":7.5029421476,"93":10.2010866343,"94":8.0135966305,"95":8.5088989911,"96":9.3864194944,"97":7.6245797101,"98":7.4397069542,"99":7.8681535661},"region":{"0":0.0,"1":0.0,"2":0.0,"3":4.0,"4":4.0,"5":4.0,"6":4.0,"7":4.0,"8":4.0,"9":4.0,"10":0.0,"11":0.0,"12":0.0,"13":4.0,"14":4.0,"15":4.0,"16":4.0,"17":4.0,"18":3.0,"19":3.0,"20":0.0,"21":0.0,"22":0.0,"23":4.0,"24":4.0,"25":4.0,"26":4.0,"27":3.0,"28":3.0,"29":3.0,"30":0.0,"31":0.0,"32":0.0,"33":4.0,"34":4.0,"35":2.0,"36":1.0,"37":3.0,"38":3.0,"39":3.0,"40":0.0,"41":0.0,"42":0.0,"43":4.0,"44":2.0,"45":2.0,"46":1.0,"47":3.0,"48":3.0,"49":3.0,"50":0.0,"51":0.0,"52":0.0,"53":2.0,"54":2.0,"55":2.0,"56":1.0,"57":3.0,"58":3.0,"59":3.0,"60":2.0,"61":2.0,"62":2.0,"63":2.0,"64":2.0,"65":2.0,"66":1.0,"67":3.0,"68":3.0,"69":3.0,"70":2.0,"71":2.0,"72":2.0,"73":2.0,"74":2.0,"75":2.0,"76":1.0,"77":3.0,"78":3.0,"79":3.0,"80":2.0,"81":2.0,"82":2.0,"83":2.0,"84":2.0,"85":2.0,"86":1.0,"87":1.0,"88":3.0,"89":3.0,"90":1.0,"91":1.0,"92":1.0,"93":1.0,"94":1.0,"95":1.0,"96":1.0,"97":1.0,"98":1.0,"99":1.0}}