{"val":{"0":3.0479849694,"1":3.1000960674,"2":3.3775772456,"3":2.6055321867,"4":2.1315910228,"5":2.2438156869,"6":2.4174717976,"7":6.6462909346,"8":7.7179554257,"9":7.2046586163,"10":2.6926825816,"11":5.6541302723,"12":2.2910749239,"13":2.6460476052,"14":10.974673739,"15":11.1933437138,"16":6.3457264259,"17":6.9638471893,"18":7.3561685987,"19":8.4257072339,"20":12.5532404874,"21":10.8687471046,"22":11.1219770613,"23":10.277202907,"24":10.4721594539,"25":11.5046564764,"26":10.3472240422,"27":18.8140900648,"28":6.6328333333,"29":7.0526369837,"30":11.008752625,"31":9.5067952086,"32":10.859618547,"33":10.9702785843,"34":9.7137998027,"35":12.0558216961,"36":17.4375680208,"37":17.7108220625,"38":16.735077299,"39":18.3888549884,"40":7.4519692795,"41":8.8286096847,"42":10.0503534753,"43":10.7416846466,"44":9.5823523128,"45":18.7451530787,"46":17.5065770755,"47":17.0425546824,"48":17.5113592228,"49":18.0156290505,"50":6.5427332466,"51":7.5133041454,"52":11.0645533736,"53":9.7972541159,"54":11.2451623106,"55":17.8088720399,"56":17.0808300046,"57":18.4831602243,"58":18.5038008692,"59":17.9795503215,"60":6.313237189,"61":6.5434722716,"62":7.1629796677,"63":10.7505647067,"64":12.4072862886,"65":19.2696334824,"66":17.9965654445,"67":17.806732195,"68":19.5398129726,"69":16.3095709567,"70":6.398293366,"71":6.5055403132,"72":7.8740589286,"73":7.0720691762,"74":11.5504663532,"75":18.4473772359,"76":19.5501604167,"77":16.6275843986,"78":18.9288988502,"79":16.6887689089,"80":6.6069835015,"81":7.2606562574,"82":6.5442140726,"83":5.324134151,"84":6.2930093363,"85":7.2433418337,"86":17.1558376815,"87":15.6048965931,"88":17.7471383673,"89":18.9707576996,"90":6.644132654,"91":6.0033220873,"92":6.5431547674,"93":7.7648087849,"94":6.8719808836,"95":6.0791792516,"96":19.4735348081,"97":18.0402957569,"98":18.936469984,"99":17.8668191368},"region":{"0":2.0,"1":2.0,"2":2.0,"3":2.0,"4":2.0,"5":2.0,"6":2.0,"7":4.0,"8":4.0,"9":4.0,"10":2.0,"11":2.0,"12":2.0,"13":2.0,"14":0.0,"15":0.0,"16":4.0,"17":4.0,"18":4.0,"19":4.0,"20":0.0,"21":0.0,"22":0.0,"23":0.0,"24":0.0,"25":0.0,"26":0.0,"27":1.0,"28":4.0,"29":4.0,"30":0.0,"31":0.0,"32":0.0,"33":0.0,"34":0.0,"35":0.0,"36":1.0,"37":1.0,"38":1.0,"39":1.0,"40":3.0,"41":0.0,"42":0.0,"43":0.0,"44":0.0,"45":1.0,"46":1.0,"47":1.0,"48":1.0,"49":1.0,"50":3.0,"51":3.0,"52":0.0,"53":0.0,"54":0.0,"55":1.0,"56":1.0,"57":1.0,"58":1.0,"59":1.0,"60":3.0,"61":3.0,"62":3.0,"63":0.0,"64":0.0,"65":1.0,"66":1.0,"67":1.0,"68":1.0,"69":1.0,"70":3.0,"71":3.0,"72":3.0,"73":3.0,"74":0.0,"75":1.0,"76":1.0,"77":1.0,"78":1.0,"79":1.0,"80":3.0,"81":3.0,"82":3.0,"83":3.0,"84":3.0,"85":3.0,"86":1.0,"87":1.0,"88":1.0,"89":1.0,"90":3.0,"91":3.0,"92":3.0,"93":3.0,"94":3.0,"95":3.0,"96":1.0,"97":1.0,"98":1.0,"99":1.0}}