{"val":{"0":7.173629352,"1":8.9162982873,"2":8.0896618993,"3":7.139321724,"4":7.6054425869,"5":8.4711905957,"6":21.6370354496,"7":23.2061165013,"8":21.8349438111,"9":22.0941499015,"10":9.7728768367,"11":8.9878301584,"12":8.4708352195,"13":10.1167083645,"14":8.5150899081,"15":9.5097013466,"16":21.4045979786,"17":20.6626943278,"18":21.095056194,"19":21.8117055463,"20":7.155892531,"21":7.6790663447,"22":7.1683518672,"23":6.6255449255,"24":7.0227041736,"25":22.6436404322,"26":23.8322296946,"27":23.2571040885,"28":20.8428781453,"29":21.3812697069,"30":15.5065819641,"31":8.3564301762,"32":8.6275984325,"33":8.5840407423,"34":21.2817444513,"35":22.8974077192,"36":22.2688438653,"37":21.972154506,"38":23.7367114286,"39":20.1082822617,"40":13.0225479447,"41":14.6381032565,"42":8.0854826105,"43":8.092310928,"44":23.3703859949,"45":22.0630070633,"46":21.8171191662,"47":21.5611377869,"48":20.1900476734,"49":22.7328617601,"50":14.2520395113,"51":14.0895367075,"52":15.3342996062,"53":16.806521894,"54":15.7253000095,"55":23.5601578703,"56":23.6748908752,"57":22.5140683507,"58":22.4495528949,"59":22.6646345477,"60":15.5036785392,"61":6.2419230833,"62":6.6449384194,"63":4.7012963661,"64":5.5844512748,"65":6.3076587413,"66":21.6964865551,"67":23.9908085354,"68":12.0993117795,"69":12.6418723886,"70":7.3781824272,"71":5.3351695583,"72":6.249096509,"73":5.0941224749,"74":6.6691106354,"75":4.761038245,"76":13.6215060156,"77":16.5082122723,"78":14.8338427084,"79":14.0704826184,"80":8.9383755296,"81":6.0963592002,"82":5.7542304007,"83":6.1007379669,"84":6.31115834,"85":16.435427464,"86":14.0171906691,"87":15.2586088702,"88":14.2861154389,"89":14.7172209659,"90":5.0029363987,"91":4.456891251,"92":6.7525503891,"93":8.3021351456,"94":6.0028486026,"95":14.00956161,"96":15.9604916915,"97":15.0005516861,"98":15.8345320661,"99":15.2876662191},"region":{"0":0.0,"1":0.0,"2":0.0,"3":0.0,"4":0.0,"5":0.0,"6":3.0,"7":3.0,"8":3.0,"9":3.0,"10":0.0,"11":0.0,"12":0.0,"13":0.0,"14":0.0,"15":0.0,"16":3.0,"17":3.0,"18":3.0,"19":3.0,"20":0.0,"21":0.0,"22":0.0,"23":0.0,"24":0.0,"25":3.0,"26":3.0,"27":3.0,"28":3.0,"29":3.0,"30":2.0,"31":0.0,"32":0.0,"33":0.0,"34":3.0,"35":3.0,"36":3.0,"37":3.0,"38":3.0,"39":3.0,"40":2.0,"41":2.0,"42":0.0,"43":0.0,"44":3.0,"45":3.0,"46":3.0,"47":3.0,"48":3.0,"49":3.0,"50":2.0,"51":2.0,"52":2.0,"53":2.0,"54":2.0,"55":3.0,"56":3.0,"57":3.0,"58":3.0,"59":3.0,"60":2.0,"61":1.0,"62":1.0,"63":1.0,"64":1.0,"65":1.0,"66":3.0,"67":3.0,"68":4.0,"69":4.0,"70":1.0,"71":1.0,"72":1.0,"73":1.0,"74":1.0,"75":1.0,"76":4.0,"77":4.0,"78":4.0,"79":4.0,"80":1.0,"81":1.0,"82":1.0,"83":1.0,"84":1.0,"85":4.0,"86":4.0,"87":4.0,"88":4.0,"89":4.0,"90":1.0,"91":1.0,"92":1.0,"93":1.0,"94":1.0,"95":4.0,"96":4.0,"97":4.0,"98":4.0,"99":4.0}}