{"val":{"0":48.7882213337,"1":49.9114886313,"2":51.5655149845,"3":50.8888326394,"4":14.5726764833,"5":15.1607074624,"6":32.3203481411,"7":6.0283575628,"8":5.2893423503,"9":4.3688441774,"10":50.2005612281,"11":49.4905280383,"12":16.1931396327,"13":16.5866256655,"14":16.8254953999,"15":34.4685394796,"16":31.1772731336,"17":5.4157353032,"18":32.3785928914,"19":33.232599779,"20":50.7895284478,"21":51.4676427439,"22":49.7854284402,"23":14.4245429906,"24":34.8404339239,"25":33.2455284221,"26":32.9563868698,"27":32.5138436175,"28":33.5720767698,"29":31.6687828203,"30":50.7075231682,"31":50.9409702901,"32":51.8449809405,"33":50.8310914847,"34":49.8492051426,"35":48.8406585661,"36":32.8116696484,"37":34.0075615572,"38":32.935522155,"39":34.4722232001,"40":15.1355012503,"41":15.2557855146,"42":29.0451198257,"43":28.4717196363,"44":33.4531983507,"45":32.3128041079,"46":34.4989772785,"47":32.2130471952,"48":34.3075858068,"49":32.5534190622,"50":17.568607022,"51":16.194456678,"52":29.9071038464,"53":25.2225860313,"54":25.4665998246,"55":33.2820980149,"56":19.0793454681,"57":18.1243556735,"58":19.1893393786,"59":32.4701083372,"60":8.6077404367,"61":29.8594546639,"62":27.3337247939,"63":27.1537166178,"64":24.5059027995,"65":23.9518293429,"66":19.0111885183,"67":19.1268875364,"68":18.4698083284,"69":19.3575896914,"70":9.5187258923,"71":9.4558885079,"72":27.9997323747,"73":30.2730530989,"74":23.3195076774,"75":20.4126786078,"76":17.2772122095,"77":17.0975795485,"78":20.6772853315,"79":18.4252399741,"80":29.9203928055,"81":28.7692684656,"82":30.2401316608,"83":29.1667066096,"84":18.3365728298,"85":18.8279603194,"86":19.6655233845,"87":19.2990281703,"88":20.082862039,"89":18.7714437878,"90":28.3298762431,"91":28.5887807713,"92":28.4398323833,"93":29.6919102431,"94":29.375423007,"95":28.2994472362,"96":19.720298957,"97":19.1178856969,"98":17.7512626404,"99":18.3064468012},"region":{"0":8.0,"1":8.0,"2":8.0,"3":8.0,"4":0.0,"5":0.0,"6":7.0,"7":1.0,"8":1.0,"9":1.0,"10":8.0,"11":8.0,"12":0.0,"13":0.0,"14":0.0,"15":2.0,"16":7.0,"17":1.0,"18":2.0,"19":2.0,"20":8.0,"21":8.0,"22":8.0,"23":0.0,"24":2.0,"25":2.0,"26":2.0,"27":2.0,"28":2.0,"29":2.0,"30":8.0,"31":8.0,"32":8.0,"33":8.0,"34":8.0,"35":8.0,"36":2.0,"37":2.0,"38":2.0,"39":2.0,"40":6.0,"41":6.0,"42":3.0,"43":3.0,"44":2.0,"45":2.0,"46":2.0,"47":2.0,"48":2.0,"49":2.0,"50":6.0,"51":6.0,"52":3.0,"53":9.0,"54":9.0,"55":2.0,"56":5.0,"57":5.0,"58":5.0,"59":2.0,"60":4.0,"61":3.0,"62":3.0,"63":3.0,"64":9.0,"65":9.0,"66":5.0,"67":5.0,"68":5.0,"69":5.0,"70":4.0,"71":4.0,"72":3.0,"73":3.0,"74":9.0,"75":5.0,"76":5.0,"77":5.0,"78":5.0,"79":5.0,"80":3.0,"81":3.0,"82":3.0,"83":3.0,"84":5.0,"85":5.0,"86":5.0,"87":5.0,"88":5.0,"89":5.0,"90":3.0,"91":3.0,"92":3.0,"93":3.0,"94":3.0,"95":3.0,"96":5.0,"97":5.0,"98":5.0,"99":5.0}}