{"val":{"0":8.4371811787,"1":7.4152907325,"2":8.1987784619,"3":8.0382020068,"4":8.5039198158,"5":14.1868773855,"6":14.5489018854,"7":14.8748994787,"8":15.3496787057,"9":14.9492364912,"10":10.3063079902,"11":9.8581411255,"12":8.8849853676,"13":9.4926102686,"14":8.1924385364,"15":14.4419285211,"16":13.9251948613,"17":14.8168160898,"18":14.9490023544,"19":13.449019361,"20":9.6972418344,"21":8.5570334958,"22":9.39615128,"23":8.9473290694,"24":9.1932778673,"25":15.0684571236,"26":14.9946115784,"27":15.5634367526,"28":13.9357916064,"29":14.1901739557,"30":9.4074278238,"31":8.3214950953,"32":8.6339844666,"33":5.8016157766,"34":14.6811432078,"35":15.0463206118,"36":15.5112786777,"37":15.5657849114,"38":17.2183080135,"39":15.3905078314,"40":9.7125200179,"41":9.0962280769,"42":4.3029001281,"43":2.8809980852,"44":13.4486542396,"45":16.2930340736,"46":15.6749716288,"47":14.2905122009,"48":16.0912195147,"49":14.3464032285,"50":6.8852802076,"51":4.1595650351,"52":4.0180479178,"53":4.1815300716,"54":14.2446572213,"55":15.6995133569,"56":15.63349593,"57":16.6141498439,"58":16.0512537112,"59":14.8325295192,"60":2.9481199767,"61":4.1006295651,"62":3.9543666462,"63":3.9076819565,"64":5.0366556176,"65":15.4676426172,"66":13.8407051044,"67":20.4877062771,"68":23.3018702567,"69":21.3251737946,"70":6.7586827353,"71":8.2336105051,"72":3.9360043275,"73":4.9697136555,"74":2.5498625801,"75":15.7769783167,"76":20.3751506202,"77":19.6747436036,"78":20.2247831994,"79":18.2400318899,"80":6.3321673503,"81":8.6506777571,"82":6.853505294,"83":3.3452550358,"84":6.4278329425,"85":18.3776208097,"86":20.3726772977,"87":20.301231086,"88":20.7429554211,"89":20.1641965536,"90":6.1301717188,"91":6.5015254157,"92":8.4279014575,"93":8.2092568656,"94":9.3983049418,"95":20.7088778347,"96":19.9946292103,"97":20.4900620636,"98":18.0666449453,"99":21.0983626894},"region":{"0":2.0,"1":2.0,"2":2.0,"3":2.0,"4":2.0,"5":4.0,"6":4.0,"7":4.0,"8":4.0,"9":4.0,"10":2.0,"11":2.0,"12":2.0,"13":2.0,"14":2.0,"15":4.0,"16":4.0,"17":4.0,"18":4.0,"19":4.0,"20":2.0,"21":2.0,"22":2.0,"23":2.0,"24":2.0,"25":4.0,"26":4.0,"27":4.0,"28":4.0,"29":4.0,"30":2.0,"31":2.0,"32":2.0,"33":0.0,"34":4.0,"35":4.0,"36":4.0,"37":4.0,"38":4.0,"39":4.0,"40":2.0,"41":2.0,"42":0.0,"43":0.0,"44":4.0,"45":4.0,"46":4.0,"47":4.0,"48":4.0,"49":4.0,"50":2.0,"51":0.0,"52":0.0,"53":0.0,"54":4.0,"55":4.0,"56":4.0,"57":4.0,"58":4.0,"59":4.0,"60":0.0,"61":0.0,"62":0.0,"63":0.0,"64":0.0,"65":4.0,"66":4.0,"67":3.0,"68":3.0,"69":3.0,"70":1.0,"71":1.0,"72":0.0,"73":0.0,"74":0.0,"75":4.0,"76":3.0,"77":3.0,"78":3.0,"79":3.0,"80":1.0,"81":1.0,"82":1.0,"83":0.0,"84":0.0,"85":3.0,"86":3.0,"87":3.0,"88":3.0,"89":3.0,"90":1.0,"91":1.0,"92":1.0,"93":1.0,"94":1.0,"95":3.0,"96":3.0,"97":3.0,"98":3.0,"99":3.0}}