{"val":{"0":24.3198419557,"1":27.3604238321,"2":23.9777479465,"3":24.7530166549,"4":25.4805320876,"5":25.2974508835,"6":25.3729222228,"7":25.426503374,"8":24.4206511039,"9":24.5193437781,"10":16.439375706,"11":23.5555509726,"12":26.1116050673,"13":24.5425416052,"14":26.0280262359,"15":24.3357929421,"16":25.5566527995,"17":26.1092850529,"18":24.0965563179,"19":23.9889781124,"20":17.6344681263,"21":16.9232537147,"22":26.29875326,"23":25.4559677392,"24":24.9073878179,"25":24.4088857955,"26":24.9640241061,"27":22.6055950244,"28":25.2045154779,"29":23.6301683733,"30":16.5035530751,"31":16.4515683894,"32":17.1363734901,"33":25.4804952629,"34":10.8323559231,"35":8.6057052937,"36":9.7478258829,"37":12.0981208188,"38":10.6292899673,"39":9.438730599,"40":17.9209388633,"41":18.3117117089,"42":16.5599761995,"43":9.7423765565,"44":9.5013412263,"45":8.9702537541,"46":9.9130432129,"47":10.0258788718,"48":9.2288761353,"49":9.1493878012,"50":17.7318585996,"51":15.5814424887,"52":16.2669569455,"53":10.8151310993,"54":9.5920846522,"55":10.274676943,"56":11.0296178359,"57":10.9195375346,"58":11.1055880068,"59":8.7588487753,"60":15.5452357863,"61":18.7373038939,"62":9.2505627655,"63":9.3559634682,"64":8.6946182114,"65":10.2721637242,"66":11.651352871,"67":8.0940541871,"68":8.6265894935,"69":11.2660808785,"70":15.5953003442,"71":16.0391576287,"72":3.7294827707,"73":10.3766648673,"74":10.514068285,"75":10.0797036796,"76":11.3117098938,"77":10.5497288851,"78":9.7729882178,"79":10.9926921311,"80":16.1298765694,"81":3.5581962911,"82":2.898624044,"83":19.4144755551,"84":20.2667527744,"85":21.4700956583,"86":18.9325120166,"87":18.9780287864,"88":20.5277519021,"89":21.2792433089,"90":3.0104394473,"91":4.0875411418,"92":2.2434525381,"93":4.1410253971,"94":20.9543143081,"95":19.3441843657,"96":18.9039507527,"97":21.0536423691,"98":20.264247208,"99":18.735685497},"region":{"0":2.0,"1":2.0,"2":2.0,"3":2.0,"4":2.0,"5":2.0,"6":2.0,"7":2.0,"8":2.0,"9":2.0,"10":0.0,"11":2.0,"12":2.0,"13":2.0,"14":2.0,"15":2.0,"16":2.0,"17":2.0,"18":2.0,"19":2.0,"20":0.0,"21":0.0,"22":2.0,"23":2.0,"24":2.0,"25":2.0,"26":2.0,"27":2.0,"28":2.0,"29":2.0,"30":0.0,"31":0.0,"32":0.0,"33":2.0,"34":1.0,"35":1.0,"36":1.0,"37":1.0,"38":1.0,"39":1.0,"40":0.0,"41":0.0,"42":0.0,"43":1.0,"44":1.0,"45":1.0,"46":1.0,"47":1.0,"48":1.0,"49":1.0,"50":0.0,"51":0.0,"52":0.0,"53":1.0,"54":1.0,"55":1.0,"56":1.0,"57":1.0,"58":1.0,"59":1.0,"60":0.0,"61":0.0,"62":1.0,"63":1.0,"64":1.0,"65":1.0,"66":1.0,"67":1.0,"68":1.0,"69":1.0,"70":0.0,"71":0.0,"72":3.0,"73":1.0,"74":1.0,"75":1.0,"76":1.0,"77":1.0,"78":1.0,"79":1.0,"80":0.0,"81":3.0,"82":3.0,"83":4.0,"84":4.0,"85":4.0,"86":4.0,"87":4.0,"88":4.0,"89":4.0,"90":3.0,"91":3.0,"92":3.0,"93":3.0,"94":4.0,"95":4.0,"96":4.0,"97":4.0,"98":4.0,"99":4.0}}