{"val":{"0":13.9998696357,"1":15.3277667249,"2":15.2912207255,"3":15.9199876404,"4":7.1382088111,"5":7.6953922586,"6":10.2881684293,"7":6.7816605251,"8":7.3552446674,"9":5.7675636195,"10":12.7731125596,"11":13.9202049584,"12":12.94664397,"13":16.3209112891,"14":7.5905331259,"15":6.8415183527,"16":9.2590056988,"17":8.2141264642,"18":9.3576045075,"19":8.3331436669,"20":10.9083647524,"21":6.8642617145,"22":8.4387959789,"23":8.1772117559,"24":7.3273243409,"25":8.374926514,"26":8.1446387799,"27":7.1429016648,"28":7.1255752567,"29":7.6435606497,"30":11.3536906286,"31":12.250350059,"32":9.0462589785,"33":9.0896936766,"34":8.6203658605,"35":9.2156031298,"36":7.6375642961,"37":14.6093748047,"38":15.001753357,"39":15.7345221891,"40":11.7824535382,"41":11.3033719513,"42":10.9724011781,"43":6.3087769629,"44":9.3655745291,"45":7.7029692435,"46":15.8516047252,"47":16.6835637663,"48":14.876558287,"49":14.5350130687,"50":10.8501682082,"51":10.4009962107,"52":10.6195100744,"53":11.2937672323,"54":8.6817761539,"55":12.0823962002,"56":16.2172135554,"57":14.8843949297,"58":14.8859585828,"59":14.6465697927,"60":11.6394587393,"61":10.6814472698,"62":10.0105956103,"63":10.6842372544,"64":8.7193830331,"65":15.3919212527,"66":15.3323828217,"67":16.338924571,"68":16.885895476,"69":16.6361196944,"70":10.5117710472,"71":9.6240135109,"72":10.8460243932,"73":11.5132784261,"74":9.2408324118,"75":15.1465904182,"76":17.0815681317,"77":13.4093008908,"78":2.1894106796,"79":2.4394041019,"80":9.7912603061,"81":10.8463619523,"82":10.5595754648,"83":2.2978237786,"84":0.1794591806,"85":2.509885562,"86":1.486814858,"87":2.3842895614,"88":2.3816802102,"89":3.8719155216,"90":10.5341562186,"91":10.7201774007,"92":10.6445463433,"93":2.4224743296,"94":3.1082371149,"95":1.571278447,"96":1.7464568994,"97":3.7279925707,"98":0.9110854986,"99":-1.4043508013},"region":{"0":3.0,"1":3.0,"2":3.0,"3":3.0,"4":1.0,"5":1.0,"6":1.0,"7":1.0,"8":1.0,"9":1.0,"10":3.0,"11":3.0,"12":3.0,"13":3.0,"14":1.0,"15":1.0,"16":1.0,"17":1.0,"18":1.0,"19":1.0,"20":0.0,"21":1.0,"22":1.0,"23":1.0,"24":1.0,"25":1.0,"26":1.0,"27":1.0,"28":1.0,"29":1.0,"30":0.0,"31":0.0,"32":1.0,"33":1.0,"34":1.0,"35":1.0,"36":1.0,"37":2.0,"38":2.0,"39":2.0,"40":0.0,"41":0.0,"42":0.0,"43":1.0,"44":1.0,"45":1.0,"46":2.0,"47":2.0,"48":2.0,"49":2.0,"50":0.0,"51":0.0,"52":0.0,"53":0.0,"54":1.0,"55":2.0,"56":2.0,"57":2.0,"58":2.0,"59":2.0,"60":0.0,"61":0.0,"62":0.0,"63":0.0,"64":1.0,"65":2.0,"66":2.0,"67":2.0,"68":2.0,"69":2.0,"70":0.0,"71":0.0,"72":0.0,"73":0.0,"74":1.0,"75":2.0,"76":2.0,"77":2.0,"78":4.0,"79":4.0,"80":0.0,"81":0.0,"82":0.0,"83":4.0,"84":4.0,"85":4.0,"86":4.0,"87":4.0,"88":4.0,"89":4.0,"90":0.0,"91":0.0,"92":0.0,"93":4.0,"94":4.0,"95":4.0,"96":4.0,"97":4.0,"98":4.0,"99":4.0}}