{"val":{"0":19.6536676952,"1":17.7968715685,"2":19.9979324824,"3":18.8639217557,"4":2.3800806897,"5":1.9404602641,"6":2.3276473973,"7":4.0589664755,"8":5.2300952932,"9":1.344551116,"10":18.5655313345,"11":19.4539985859,"12":18.6055646886,"13":17.6692752753,"14":3.3663005294,"15":2.4823299693,"16":6.1919905882,"17":3.8772206003,"18":2.4573586027,"19":2.6422527493,"20":18.6472306931,"21":19.7462625141,"22":19.2844116087,"23":2.9638374325,"24":4.904162235,"25":3.8828513115,"26":3.8446366595,"27":3.1589562899,"28":2.8195157941,"29":3.6052169377,"30":19.1513471945,"31":18.059030279,"32":18.1454841468,"33":3.118976191,"34":2.8546693761,"35":1.0660370222,"36":4.2425153553,"37":17.076084989,"38":14.1859252687,"39":17.9325461205,"40":2.0192641502,"41":19.0425852416,"42":18.6500396582,"43":3.873104559,"44":2.7027936663,"45":2.4464536253,"46":5.7386658084,"47":15.9006675803,"48":17.6344321459,"49":16.5640094001,"50":1.7331926261,"51":4.1529306211,"52":17.7973408673,"53":3.1273668261,"54":4.5702089993,"55":4.6260070627,"56":3.9062429143,"57":14.9971037775,"58":17.1266282065,"59":16.9898679369,"60":3.8785245537,"61":1.6640496365,"62":5.6608139361,"63":6.5147275348,"64":6.0227965421,"65":4.912726131,"66":6.6595104141,"67":7.0875094719,"68":6.7097713178,"69":6.5114283348,"70":4.0523643865,"71":3.4613052394,"72":4.3604073405,"73":5.8824260179,"74":4.3374641555,"75":6.4763324177,"76":5.5113316733,"77":5.9303078155,"78":6.1276791889,"79":5.5936136217,"80":2.9870961802,"81":3.1765818094,"82":1.3991258051,"83":2.1020342057,"84":4.3616074179,"85":5.1474444128,"86":7.1115233985,"87":5.3323985347,"88":6.2530502874,"89":6.0098536206,"90":3.7009233536,"91":1.9292672841,"92":4.0877407131,"93":4.3558057553,"94":6.4874361233,"95":5.9036391251,"96":4.943088999,"97":4.9993244567,"98":6.4811720906,"99":5.3543894474},"region":{"0":4.0,"1":4.0,"2":4.0,"3":4.0,"4":0.0,"5":0.0,"6":0.0,"7":0.0,"8":0.0,"9":0.0,"10":4.0,"11":4.0,"12":4.0,"13":4.0,"14":0.0,"15":0.0,"16":0.0,"17":0.0,"18":0.0,"19":0.0,"20":4.0,"21":4.0,"22":4.0,"23":0.0,"24":0.0,"25":0.0,"26":0.0,"27":0.0,"28":0.0,"29":0.0,"30":4.0,"31":4.0,"32":4.0,"33":0.0,"34":0.0,"35":0.0,"36":0.0,"37":3.0,"38":3.0,"39":3.0,"40":2.0,"41":4.0,"42":4.0,"43":0.0,"44":0.0,"45":0.0,"46":1.0,"47":3.0,"48":3.0,"49":3.0,"50":2.0,"51":2.0,"52":4.0,"53":0.0,"54":0.0,"55":1.0,"56":1.0,"57":3.0,"58":3.0,"59":3.0,"60":2.0,"61":2.0,"62":1.0,"63":1.0,"64":1.0,"65":1.0,"66":1.0,"67":1.0,"68":1.0,"69":1.0,"70":2.0,"71":2.0,"72":2.0,"73":1.0,"74":1.0,"75":1.0,"76":1.0,"77":1.0,"78":1.0,"79":1.0,"80":2.0,"81":2.0,"82":2.0,"83":2.0,"84":1.0,"85":1.0,"86":1.0,"87":1.0,"88":1.0,"89":1.0,"90":2.0,"91":2.0,"92":2.0,"93":2.0,"94":1.0,"95":1.0,"96":1.0,"97":1.0,"98":1.0,"99":1.0}}