{"val":{"0":19.0888579869,"1":20.6027712899,"2":20.148390627,"3":8.4701909358,"4":10.0736017847,"5":1.7631476547,"6":1.6080741591,"7":1.1255364199,"8":17.9136261992,"9":17.3853903241,"10":20.9972500493,"11":19.7282991198,"12":18.3074601457,"13":9.2361118781,"14":1.5020183041,"15":1.3174547099,"16":2.4094082795,"17":2.6403408095,"18":18.1987540307,"19":19.0038896789,"20":18.534080314,"21":18.9204549292,"22":20.313491784,"23":8.6969627129,"24":2.6529350857,"25":1.2485942066,"26":2.930984945,"27":19.3375780427,"28":17.8391486453,"29":18.6706782733,"30":19.9367064236,"31":20.0940775795,"32":20.1076922861,"33":9.2193439739,"34":1.3059611871,"35":2.0043623652,"36":19.2745787772,"37":17.3727933435,"38":16.9732839697,"39":19.3522172741,"40":20.3584570424,"41":18.9513181453,"42":4.3997640325,"43":4.5132532552,"44":6.4678175677,"45":2.3582403308,"46":16.7160078872,"47":17.5900751548,"48":19.8443778946,"49":17.5156341124,"50":5.3009878902,"51":4.600486168,"52":4.0126806686,"53":4.7745631902,"54":3.6169851007,"55":5.989679922,"56":5.9972789355,"57":16.3495304189,"58":17.1224801222,"59":17.6406330508,"60":6.1494895994,"61":7.3130347275,"62":6.5921471777,"63":7.0543877724,"64":5.7587418545,"65":6.0143049398,"66":4.7752035233,"67":4.1621933457,"68":19.1325352001,"69":17.1477053172,"70":5.7924959944,"71":3.8101913769,"72":4.4839863913,"73":6.1649722363,"74":3.6438410434,"75":5.2104529274,"76":5.2693041788,"77":5.6186501633,"78":17.5898841007,"79":17.4298954849,"80":4.3830504226,"81":3.7547330079,"82":6.3559407092,"83":4.8475251324,"84":4.8335249546,"85":4.638908186,"86":6.0265081769,"87":6.4802997302,"88":16.6459288501,"89":19.2905410991,"90":3.6087552101,"91":4.5638314969,"92":4.9004917552,"93":5.6088471084,"94":5.8091000623,"95":5.1591962864,"96":6.0702418098,"97":5.9374964391,"98":18.6033908605,"99":18.029979068},"region":{"0":0.0,"1":0.0,"2":0.0,"3":3.0,"4":3.0,"5":2.0,"6":2.0,"7":2.0,"8":1.0,"9":1.0,"10":0.0,"11":0.0,"12":0.0,"13":3.0,"14":2.0,"15":2.0,"16":2.0,"17":2.0,"18":1.0,"19":1.0,"20":0.0,"21":0.0,"22":0.0,"23":3.0,"24":2.0,"25":2.0,"26":2.0,"27":1.0,"28":1.0,"29":1.0,"30":0.0,"31":0.0,"32":0.0,"33":3.0,"34":2.0,"35":2.0,"36":1.0,"37":1.0,"38":1.0,"39":1.0,"40":0.0,"41":0.0,"42":4.0,"43":4.0,"44":4.0,"45":2.0,"46":1.0,"47":1.0,"48":1.0,"49":1.0,"50":4.0,"51":4.0,"52":4.0,"53":4.0,"54":4.0,"55":4.0,"56":4.0,"57":1.0,"58":1.0,"59":1.0,"60":4.0,"61":4.0,"62":4.0,"63":4.0,"64":4.0,"65":4.0,"66":4.0,"67":4.0,"68":1.0,"69":1.0,"70":4.0,"71":4.0,"72":4.0,"73":4.0,"74":4.0,"75":4.0,"76":4.0,"77":4.0,"78":1.0,"79":1.0,"80":4.0,"81":4.0,"82":4.0,"83":4.0,"84":4.0,"85":4.0,"86":4.0,"87":4.0,"88":1.0,"89":1.0,"90":4.0,"91":4.0,"92":4.0,"93":4.0,"94":4.0,"95":4.0,"96":4.0,"97":4.0,"98":1.0,"99":1.0}}