{"val":{"0":25.5688979252,"1":23.6295042281,"2":29.9124955424,"3":28.8617271891,"4":29.9825589345,"5":28.601241899,"6":30.1184290154,"7":30.2242212306,"8":30.1926202121,"9":28.4594385578,"10":24.6514488407,"11":26.2843127835,"12":29.201466123,"13":28.5849465577,"14":29.9645688083,"15":30.5625955864,"16":28.2708135422,"17":29.5999697118,"18":30.2112252002,"19":28.409420417,"20":26.9213840227,"21":23.7225163636,"22":30.284720369,"23":30.6697687764,"24":29.424082161,"25":28.5501195712,"26":29.8297015288,"27":29.892002227,"28":29.8338566824,"29":29.176330237,"30":24.5758472404,"31":25.2360041038,"32":30.3528300974,"33":26.4845190484,"34":30.1753082932,"35":26.9684539939,"36":31.3122975535,"37":28.0713574847,"38":29.4187598467,"39":30.269555988,"40":24.4649176056,"41":25.7521639438,"42":29.0161657991,"43":29.7130807902,"44":29.2319101074,"45":28.5866354973,"46":28.052467202,"47":30.2260804819,"48":28.7291841054,"49":28.5306206266,"50":24.3647596475,"51":30.0180181564,"52":24.950851009,"53":23.0871590893,"54":24.7804552689,"55":24.5724144242,"56":23.6616125003,"57":24.3197856828,"58":23.6138671511,"59":23.2228459111,"60":31.3034850701,"61":30.4787515724,"62":23.1138746055,"63":25.2775227845,"64":25.2895879654,"65":25.113130719,"66":20.7448330862,"67":23.4509306386,"68":23.4162040426,"69":24.8233809807,"70":30.4158712754,"71":30.5993132969,"72":24.4490290707,"73":24.9849183628,"74":23.8513776777,"75":24.795240655,"76":23.1496218983,"77":24.5893537359,"78":24.2505088669,"79":22.92844699,"80":29.8618514986,"81":31.3328109517,"82":24.3031918236,"83":25.0349643727,"84":24.8022907329,"85":23.1075168951,"86":24.4230263146,"87":24.6513062913,"88":24.8963693827,"89":25.2614670199,"90":32.339068811,"91":28.3419550603,"92":29.2978607109,"93":6.290026397,"94":4.8341074865,"95":4.7885765829,"96":5.8591885477,"97":5.0863184383,"98":5.1946337092,"99":5.0557379316},"region":{"0":3.0,"1":3.0,"2":2.0,"3":2.0,"4":2.0,"5":2.0,"6":2.0,"7":2.0,"8":2.0,"9":2.0,"10":3.0,"11":3.0,"12":2.0,"13":2.0,"14":2.0,"15":2.0,"16":2.0,"17":2.0,"18":2.0,"19":2.0,"20":3.0,"21":3.0,"22":2.0,"23":2.0,"24":2.0,"25":2.0,"26":2.0,"27":2.0,"28":2.0,"29":2.0,"30":3.0,"31":3.0,"32":2.0,"33":2.0,"34":2.0,"35":2.0,"36":2.0,"37":2.0,"38":2.0,"39":2.0,"40":3.0,"41":3.0,"42":2.0,"43":2.0,"44":2.0,"45":2.0,"46":2.0,"47":2.0,"48":2.0,"49":2.0,"50":3.0,"51":0.0,"52":4.0,"53":4.0,"54":4.0,"55":4.0,"56":4.0,"57":4.0,"58":4.0,"59":4.0,"60":0.0,"61":0.0,"62":4.0,"63":4.0,"64":4.0,"65":4.0,"66":4.0,"67":4.0,"68":4.0,"69":4.0,"70":0.0,"71":0.0,"72":4.0,"73":4.0,"74":4.0,"75":4.0,"76":4.0,"77":4.0,"78":4.0,"79":4.0,"80":0.0,"81":0.0,"82":4.0,"83":4.0,"84":4.0,"85":4.0,"86":4.0,"87":4.0,"88":4.0,"89":4.0,"90":0.0,"91":0.0,"92":0.0,"93":1.0,"94":1.0,"95":1.0,"96":1.0,"97":1.0,"98":1.0,"99":1.0}}