{"val":{"0":27.2152709238,"1":25.7451768968,"2":24.7690386629,"3":26.8175286072,"4":26.1099584722,"5":25.0500332612,"6":7.5119019573,"7":22.8227751233,"8":21.5063354195,"9":24.3009233407,"10":25.0421805222,"11":26.26782892,"12":19.6718764897,"13":20.4558315723,"14":20.3596875461,"15":20.6975190321,"16":9.098775622,"17":20.7689144285,"18":21.8993556779,"19":21.0950517044,"20":24.7975301366,"21":26.254331744,"22":18.5749773844,"23":22.546318616,"24":20.4682650744,"25":7.4574650454,"26":5.0190997899,"27":20.2888719118,"28":21.9820427045,"29":21.4634401986,"30":25.4285909757,"31":25.4935932769,"32":19.4758983821,"33":17.545894005,"34":8.0528893837,"35":8.2030837431,"36":10.0336622706,"37":21.2742232962,"38":22.8595489648,"39":22.604775894,"40":25.4159997448,"41":25.4428940182,"42":20.736104431,"43":8.3170126677,"44":7.8643970299,"45":8.9435447613,"46":7.6025066957,"47":23.6233291454,"48":22.2546038449,"49":21.5876031524,"50":7.0379704459,"51":7.2153653303,"52":7.834370063,"53":7.6434883876,"54":6.8063696363,"55":7.8338903283,"56":8.6584894491,"57":22.8597132431,"58":20.9054324353,"59":24.1013800574,"60":9.3248749141,"61":8.4618910083,"62":8.4734137285,"63":8.1168165749,"64":7.629272923,"65":8.6060068728,"66":8.0319214373,"67":23.3056298295,"68":30.4385460246,"69":28.782530284,"70":8.0400305748,"71":7.4590031203,"72":7.3595607891,"73":7.7847556141,"74":9.7067525618,"75":8.6633202544,"76":7.1395017325,"77":22.5488755091,"78":31.0642503432,"79":29.2174738698,"80":8.7205753624,"81":5.3436118282,"82":5.8529117281,"83":9.3521612872,"84":6.4925021982,"85":7.5343267496,"86":7.3894692042,"87":22.6070824442,"88":28.625817499,"89":28.883742687,"90":8.505608534,"91":8.0829092993,"92":6.1176084259,"93":6.1550143613,"94":8.5698975783,"95":7.8500824632,"96":6.8025864446,"97":23.3662917117,"98":29.9812582444,"99":28.6772927969},"region":{"0":3.0,"1":3.0,"2":3.0,"3":3.0,"4":3.0,"5":3.0,"6":1.0,"7":0.0,"8":0.0,"9":0.0,"10":3.0,"11":3.0,"12":4.0,"13":4.0,"14":4.0,"15":4.0,"16":1.0,"17":0.0,"18":0.0,"19":0.0,"20":3.0,"21":3.0,"22":4.0,"23":4.0,"24":4.0,"25":1.0,"26":1.0,"27":0.0,"28":0.0,"29":0.0,"30":3.0,"31":3.0,"32":4.0,"33":4.0,"34":1.0,"35":1.0,"36":1.0,"37":0.0,"38":0.0,"39":0.0,"40":3.0,"41":3.0,"42":4.0,"43":1.0,"44":1.0,"45":1.0,"46":1.0,"47":0.0,"48":0.0,"49":0.0,"50":1.0,"51":1.0,"52":1.0,"53":1.0,"54":1.0,"55":1.0,"56":1.0,"57":0.0,"58":0.0,"59":0.0,"60":1.0,"61":1.0,"62":1.0,"63":1.0,"64":1.0,"65":1.0,"66":1.0,"67":0.0,"68":2.0,"69":2.0,"70":1.0,"71":1.0,"72":1.0,"73":1.0,"74":1.0,"75":1.0,"76":1.0,"77":0.0,"78":2.0,"79":2.0,"80":1.0,"81":1.0,"82":1.0,"83":1.0,"84":1.0,"85":1.0,"86":1.0,"87":0.0,"88":2.0,"89":2.0,"90":1.0,"91":1.0,"92":1.0,"93":1.0,"94":1.0,"95":1.0,"96":1.0,"97":0.0,"98":2.0,"99":2.0}}