{"val":{"0":23.7221821621,"1":23.9655622605,"2":22.5026395232,"3":23.0540874458,"4":22.7135122115,"5":22.9286258146,"6":27.5022853063,"7":25.9289415666,"8":10.4412979565,"9":10.55506493,"10":24.2023406404,"11":24.0666331925,"12":22.6342259663,"13":24.4637588558,"14":21.1000404256,"15":22.1564531437,"16":26.7469897663,"17":27.0599661066,"18":10.1447089048,"19":11.0022648224,"20":22.0102169407,"21":21.7724035355,"22":24.5420794455,"23":23.6020369582,"24":23.2961841894,"25":21.3438235521,"26":26.4052683433,"27":28.5760117428,"28":9.8966627063,"29":11.2383200558,"30":25.017393211,"31":22.8927193482,"32":23.7540298847,"33":18.1370888735,"34":18.5992501557,"35":24.9563623419,"36":27.0413229282,"37":27.0373389654,"38":8.9703173482,"39":11.4505047574,"40":15.5513537272,"41":16.382849645,"42":16.0378441428,"43":18.0481930393,"44":18.129759056,"45":27.6328642495,"46":26.6852660315,"47":27.9279056649,"48":10.9193712271,"49":10.8408616326,"50":16.1595272008,"51":17.1879818799,"52":17.490730536,"53":17.9280675496,"54":17.2741571006,"55":24.8607168233,"56":25.696292557,"57":26.8127564304,"58":27.4919881353,"59":25.6204899631,"60":17.4297375343,"61":16.9383488981,"62":19.2153971736,"63":18.3546793656,"64":16.2057355789,"65":26.6692773275,"66":25.4990654992,"67":27.1559520175,"68":24.8598554022,"69":26.3155022494,"70":16.4682818862,"71":15.1604773324,"72":16.0552699017,"73":18.6369469102,"74":18.5671364924,"75":25.6672144294,"76":26.7317859841,"77":27.5745454581,"78":26.1862986656,"79":29.6981770418,"80":12.9902496555,"81":13.3574956274,"82":14.9742466885,"83":14.113993542,"84":13.0920737392,"85":15.2454312671,"86":25.5420114192,"87":27.5707676895,"88":25.3392176642,"89":26.3152463964,"90":12.3429285915,"91":15.4229813531,"92":14.4117232893,"93":14.1566909654,"94":13.056752315,"95":14.4345424167,"96":14.1169705174,"97":27.1151896365,"98":26.8106360874,"99":27.7370511334},"region":{"0":4.0,"1":4.0,"2":4.0,"3":4.0,"4":4.0,"5":4.0,"6":0.0,"7":0.0,"8":1.0,"9":1.0,"10":4.0,"11":4.0,"12":4.0,"13":4.0,"14":4.0,"15":4.0,"16":0.0,"17":0.0,"18":1.0,"19":1.0,"20":4.0,"21":4.0,"22":4.0,"23":4.0,"24":4.0,"25":4.0,"26":0.0,"27":0.0,"28":1.0,"29":1.0,"30":4.0,"31":4.0,"32":4.0,"33":3.0,"34":3.0,"35":0.0,"36":0.0,"37":0.0,"38":1.0,"39":1.0,"40":3.0,"41":3.0,"42":3.0,"43":3.0,"44":3.0,"45":0.0,"46":0.0,"47":0.0,"48":1.0,"49":1.0,"50":3.0,"51":3.0,"52":3.0,"53":3.0,"54":3.0,"55":0.0,"56":0.0,"57":0.0,"58":0.0,"59":0.0,"60":3.0,"61":3.0,"62":3.0,"63":3.0,"64":3.0,"65":0.0,"66":0.0,"67":0.0,"68":0.0,"69":0.0,"70":2.0,"71":2.0,"72":2.0,"73":3.0,"74":3.0,"75":0.0,"76":0.0,"77":0.0,"78":0.0,"79":0.0,"80":2.0,"81":2.0,"82":2.0,"83":2.0,"84":2.0,"85":2.0,"86":0.0,"87":0.0,"88":0.0,"89":0.0,"90":2.0,"91":2.0,"92":2.0,"93":2.0,"94":2.0,"95":2.0,"96":2.0,"97":0.0,"98":0.0,"99":0.0}}