{"val":{"0":12.8286432948,"1":13.9416854636,"2":14.077804222,"3":12.9808526241,"4":12.5045000881,"5":13.9924448186,"6":17.1711324008,"7":18.677541881,"8":18.7784428026,"9":19.4682476175,"10":13.1696999192,"11":12.968469458,"12":14.0653002579,"13":12.3879692467,"14":12.5536872972,"15":13.7133447978,"16":18.1073708856,"17":17.7351057581,"18":18.5118273372,"19":13.9756826298,"20":-0.5767734396,"21":3.1358792617,"22":14.9974752223,"23":12.624060473,"24":13.4252522278,"25":15.5185260903,"26":17.7553547079,"27":17.0490907196,"28":16.8586887508,"29":18.6390268036,"30":1.693839588,"31":0.5213565616,"32":1.0209286199,"33":0.6781697826,"34":19.3472367324,"35":18.8830791029,"36":18.4623248381,"37":18.1009675221,"38":16.0950354361,"39":19.9503601409,"40":1.914776422,"41":1.4087917267,"42":2.4711742304,"43":0.8864074172,"44":17.8670900844,"45":18.1142269068,"46":16.9126628354,"47":21.3217864804,"48":19.8119555271,"49":17.7179125183,"50":13.9910079155,"51":-0.1775536579,"52":4.0877160675,"53":0.2197311652,"54":6.6548171761,"55":6.5603697488,"56":7.0345829041,"57":7.4406455022,"58":5.4992376964,"59":7.0570300778,"60":14.3589975492,"61":14.7930149958,"62":13.9033872312,"63":6.7861620539,"64":6.4477241914,"65":7.5550903105,"66":6.4484415403,"67":7.8492157824,"68":7.0263731279,"69":6.6970540937,"70":14.1548799553,"71":14.5658031118,"72":14.8397657283,"73":14.8622938774,"74":6.7904357453,"75":7.6065189721,"76":6.4438492169,"77":5.4412326902,"78":7.8155460875,"79":5.384619004,"80":14.1805764887,"81":12.3710507198,"82":13.7561494161,"83":14.9700374577,"84":6.2993713256,"85":7.0798019554,"86":6.6660011665,"87":7.3692982857,"88":7.1995062585,"89":7.4119834235,"90":15.5160983757,"91":13.0048868118,"92":14.8773822564,"93":14.5136451747,"94":7.0000298003,"95":7.1304476833,"96":6.2045164933,"97":5.7961281528,"98":7.7494213668,"99":7.1734079265},"region":{"0":3.0,"1":3.0,"2":3.0,"3":3.0,"4":3.0,"5":3.0,"6":0.0,"7":0.0,"8":0.0,"9":0.0,"10":3.0,"11":3.0,"12":3.0,"13":3.0,"14":3.0,"15":3.0,"16":0.0,"17":0.0,"18":0.0,"19":0.0,"20":2.0,"21":2.0,"22":3.0,"23":3.0,"24":3.0,"25":0.0,"26":0.0,"27":0.0,"28":0.0,"29":0.0,"30":2.0,"31":2.0,"32":2.0,"33":2.0,"34":0.0,"35":0.0,"36":0.0,"37":0.0,"38":0.0,"39":0.0,"40":2.0,"41":2.0,"42":2.0,"43":2.0,"44":0.0,"45":0.0,"46":0.0,"47":0.0,"48":0.0,"49":0.0,"50":4.0,"51":2.0,"52":2.0,"53":2.0,"54":1.0,"55":1.0,"56":1.0,"57":1.0,"58":1.0,"59":1.0,"60":4.0,"61":4.0,"62":4.0,"63":1.0,"64":1.0,"65":1.0,"66":1.0,"67":1.0,"68":1.0,"69":1.0,"70":4.0,"71":4.0,"72":4.0,"73":4.0,"74":1.0,"75":1.0,"76":1.0,"77":1.0,"78":1.0,"79":1.0,"80":4.0,"81":4.0,"82":4.0,"83":4.0,"84":1.0,"85":1.0,"86":1.0,"87":1.0,"88":1.0,"89":1.0,"90":4.0,"91":4.0,"92":4.0,"93":4.0,"94":1.0,"95":1.0,"96":1.0,"97":1.0,"98":1.0,"99":1.0}}