{"val":{"0":14.1248534408,"1":14.5882994839,"2":10.4085090505,"3":13.5925143071,"4":13.1137105111,"5":12.4736376262,"6":12.699288155,"7":12.38323078,"8":21.5456172996,"9":20.1170402786,"10":12.7698027283,"11":13.6566160797,"12":12.2131789795,"13":14.3869698246,"14":12.4870454148,"15":12.8446874908,"16":13.8653399549,"17":12.4846936824,"18":21.0275656426,"19":20.5495471972,"20":13.5513683449,"21":13.8962431818,"22":13.6807307515,"23":13.331695304,"24":12.8114107914,"25":13.3346471746,"26":14.244837844,"27":13.3837485898,"28":22.6456556817,"29":20.5204912124,"30":11.9388442981,"31":11.4402279757,"32":12.2360147565,"33":12.5924224807,"34":12.0464677993,"35":14.3663627852,"36":13.1657778251,"37":12.3430010759,"38":23.5816820997,"39":20.0636611924,"40":11.7880854332,"41":13.3003366267,"42":12.714199495,"43":14.2551134463,"44":14.5770226547,"45":13.8307540913,"46":13.807435034,"47":13.4891880957,"48":20.0551453328,"49":21.846743613,"50":15.994934815,"51":17.5158673048,"52":27.0463596921,"53":27.3904733693,"54":28.4790359125,"55":30.3095932693,"56":27.5717614159,"57":29.8569270125,"58":21.7938341111,"59":21.9620526752,"60":17.4315574162,"61":16.3742648632,"62":15.8518969839,"63":16.7203949611,"64":16.7165804321,"65":16.2483708951,"66":17.5378668152,"67":21.8606509345,"68":22.6898797242,"69":21.5802051807,"70":16.9094522022,"71":16.5759296469,"72":18.7096400925,"73":16.5134811223,"74":16.656036524,"75":16.0399428886,"76":22.242955932,"77":19.9366936674,"78":22.0933866137,"79":20.7099230425,"80":19.0695898029,"81":18.3575914964,"82":8.3173716284,"83":8.6960028927,"84":7.4146933868,"85":21.6162148028,"86":19.2013169801,"87":20.6226038371,"88":21.4551434908,"89":21.517351317,"90":8.7463331899,"91":8.7049287527,"92":8.7998935356,"93":7.1401075065,"94":9.3524950141,"95":20.9664590922,"96":21.0440123138,"97":21.3116314179,"98":21.0124312455,"99":21.1579920605},"region":{"0":1.0,"1":1.0,"2":1.0,"3":1.0,"4":1.0,"5":1.0,"6":1.0,"7":1.0,"8":3.0,"9":3.0,"10":1.0,"11":1.0,"12":1.0,"13":1.0,"14":1.0,"15":1.0,"16":1.0,"17":1.0,"18":3.0,"19":3.0,"20":1.0,"21":1.0,"22":1.0,"23":1.0,"24":1.0,"25":1.0,"26":1.0,"27":1.0,"28":3.0,"29":3.0,"30":1.0,"31":1.0,"32":1.0,"33":1.0,"34":1.0,"35":1.0,"36":1.0,"37":1.0,"38":3.0,"39":3.0,"40":1.0,"41":1.0,"42":1.0,"43":1.0,"44":1.0,"45":1.0,"46":1.0,"47":1.0,"48":3.0,"49":3.0,"50":0.0,"51":0.0,"52":2.0,"53":2.0,"54":2.0,"55":2.0,"56":2.0,"57":2.0,"58":3.0,"59":3.0,"60":0.0,"61":0.0,"62":0.0,"63":0.0,"64":0.0,"65":0.0,"66":0.0,"67":3.0,"68":3.0,"69":3.0,"70":0.0,"71":0.0,"72":0.0,"73":0.0,"74":0.0,"75":0.0,"76":3.0,"77":3.0,"78":3.0,"79":3.0,"80":0.0,"81":0.0,"82":4.0,"83":4.0,"84":4.0,"85":3.0,"86":3.0,"87":3.0,"88":3.0,"89":3.0,"90":4.0,"91":4.0,"92":4.0,"93":4.0,"94":4.0,"95":3.0,"96":3.0,"97":3.0,"98":3.0,"99":3.0}}