{"val":{"0":19.9168944138,"1":18.500923962,"2":19.3153903148,"3":19.8636244426,"4":13.7870885129,"5":15.0053456153,"6":13.0974801643,"7":13.1488932145,"8":13.6844281875,"9":21.5771301817,"10":17.2620602804,"11":17.7438582806,"12":17.9583023149,"13":19.0478617603,"14":13.6517524872,"15":14.9057585524,"16":13.9368409137,"17":14.7112448316,"18":14.390565423,"19":21.3567199984,"20":19.2880551271,"21":21.1439061948,"22":17.2797712208,"23":18.1770111558,"24":15.0937812408,"25":13.8825636774,"26":13.6437729007,"27":13.9623496776,"28":13.0590544141,"29":23.6735557045,"30":18.9041966618,"31":18.8041281816,"32":20.7730869602,"33":14.8288704348,"34":14.9783507489,"35":13.1678321001,"36":13.4110114402,"37":13.1040391959,"38":11.6524036221,"39":21.77223976,"40":22.0131855769,"41":21.0017378764,"42":15.2295423184,"43":14.2728850661,"44":12.7402021731,"45":14.3011915606,"46":12.980654238,"47":12.7882617585,"48":14.9137209004,"49":20.3254823815,"50":19.4042989865,"51":3.044877475,"52":13.4133083923,"53":13.8235571239,"54":14.066830464,"55":14.4552333862,"56":14.5251543619,"57":12.3882389215,"58":15.6983818362,"59":20.6627180749,"60":2.2460611315,"61":2.3250734224,"62":9.1165260077,"63":13.2606156384,"64":14.3427057074,"65":14.3412180059,"66":13.3206744146,"67":13.247530531,"68":21.0189114614,"69":22.1693068538,"70":1.9802754513,"71":1.3523567833,"72":10.1654740881,"73":10.1389490212,"74":14.3236132183,"75":13.9721181153,"76":15.5740101223,"77":22.6004704796,"78":21.2437314495,"79":23.852764518,"80":1.1635733827,"81":2.1551152104,"82":9.2579509719,"83":11.2789352458,"84":8.8141381831,"85":13.678694118,"86":21.747915254,"87":21.2016629286,"88":22.8967028612,"89":20.669040766,"90":9.6745037913,"91":10.1150541418,"92":10.3946483237,"93":11.3532876386,"94":12.1628822249,"95":11.0178658619,"96":9.3268670399,"97":22.9000118997,"98":22.6212887399,"99":22.0989073914},"region":{"0":4.0,"1":4.0,"2":4.0,"3":4.0,"4":0.0,"5":0.0,"6":0.0,"7":0.0,"8":0.0,"9":3.0,"10":4.0,"11":4.0,"12":4.0,"13":4.0,"14":0.0,"15":0.0,"16":0.0,"17":0.0,"18":0.0,"19":3.0,"20":4.0,"21":4.0,"22":4.0,"23":4.0,"24":0.0,"25":0.0,"26":0.0,"27":0.0,"28":0.0,"29":3.0,"30":4.0,"31":4.0,"32":4.0,"33":0.0,"34":0.0,"35":0.0,"36":0.0,"37":0.0,"38":0.0,"39":3.0,"40":4.0,"41":4.0,"42":0.0,"43":0.0,"44":0.0,"45":0.0,"46":0.0,"47":0.0,"48":0.0,"49":3.0,"50":4.0,"51":2.0,"52":0.0,"53":0.0,"54":0.0,"55":0.0,"56":0.0,"57":0.0,"58":0.0,"59":3.0,"60":2.0,"61":2.0,"62":1.0,"63":0.0,"64":0.0,"65":0.0,"66":0.0,"67":0.0,"68":3.0,"69":3.0,"70":2.0,"71":2.0,"72":1.0,"73":1.0,"74":0.0,"75":0.0,"76":0.0,"77":3.0,"78":3.0,"79":3.0,"80":2.0,"81":2.0,"82":1.0,"83":1.0,"84":1.0,"85":0.0,"86":3.0,"87":3.0,"88":3.0,"89":3.0,"90":1.0,"91":1.0,"92":1.0,"93":1.0,"94":1.0,"95":1.0,"96":1.0,"97":3.0,"98":3.0,"99":3.0}}