{"val":{"0":16.3185999954,"1":16.6189459361,"2":12.7530627312,"3":12.8935330884,"4":9.8368680203,"5":15.8294148729,"6":18.6605158814,"7":17.6258498934,"8":18.6240194033,"9":19.4637678976,"10":18.3334994301,"11":18.2897258809,"12":13.4471102023,"13":13.7173854789,"14":11.7628078857,"15":18.4540167613,"16":18.0593078615,"17":18.905300403,"18":19.3105779102,"19":20.6065307206,"20":17.6205235104,"21":18.4795274837,"22":13.1755309195,"23":11.7572926312,"24":11.3256772315,"25":18.5256544195,"26":17.8919205153,"27":19.8156206094,"28":18.6090776367,"29":19.1437311557,"30":15.6224508113,"31":18.3816632566,"32":13.0123671329,"33":12.0370893684,"34":12.1441369986,"35":18.4271488282,"36":21.1881124805,"37":19.7294469284,"38":17.8936295168,"39":18.8043123272,"40":19.2284096906,"41":15.4967870478,"42":12.3283194495,"43":12.6864664703,"44":11.7393259761,"45":19.8389784513,"46":19.2670955125,"47":20.8594977292,"48":19.0888338219,"49":18.5565675755,"50":17.1836649411,"51":19.1124714665,"52":10.9740055092,"53":13.6114612453,"54":11.5731250006,"55":12.5254199127,"56":17.5802264432,"57":18.9764589658,"58":19.4003037727,"59":18.8369402681,"60":18.1741577643,"61":19.0981426483,"62":11.6405704478,"63":12.0852315627,"64":11.836351837,"65":11.6871595788,"66":13.0900295342,"67":18.2889170679,"68":18.893979392,"69":20.0186066793,"70":16.9522917303,"71":19.2853231392,"72":27.0212224271,"73":6.9601192452,"74":7.5424643735,"75":6.5365230462,"76":7.189566354,"77":8.2234483346,"78":17.6357016091,"79":19.4399146589,"80":18.4636891949,"81":25.6919171792,"82":24.0137058759,"83":7.0344024825,"84":8.037217957,"85":5.5811171658,"86":7.6455260528,"87":5.5320135104,"88":6.3306206942,"89":18.516847757,"90":18.8285431434,"91":24.1637949106,"92":26.1591325821,"93":6.7776388946,"94":7.2673119527,"95":6.9101201896,"96":6.7463601131,"97":6.5449484835,"98":7.3831099569,"99":19.7302862805},"region":{"0":1.0,"1":1.0,"2":4.0,"3":4.0,"4":4.0,"5":3.0,"6":3.0,"7":3.0,"8":3.0,"9":3.0,"10":1.0,"11":1.0,"12":4.0,"13":4.0,"14":4.0,"15":3.0,"16":3.0,"17":3.0,"18":3.0,"19":3.0,"20":1.0,"21":1.0,"22":4.0,"23":4.0,"24":4.0,"25":3.0,"26":3.0,"27":3.0,"28":3.0,"29":3.0,"30":1.0,"31":1.0,"32":4.0,"33":4.0,"34":4.0,"35":3.0,"36":3.0,"37":3.0,"38":3.0,"39":3.0,"40":1.0,"41":1.0,"42":4.0,"43":4.0,"44":4.0,"45":3.0,"46":3.0,"47":3.0,"48":3.0,"49":3.0,"50":1.0,"51":1.0,"52":4.0,"53":4.0,"54":4.0,"55":4.0,"56":3.0,"57":3.0,"58":3.0,"59":3.0,"60":1.0,"61":1.0,"62":4.0,"63":4.0,"64":4.0,"65":4.0,"66":4.0,"67":3.0,"68":3.0,"69":3.0,"70":1.0,"71":1.0,"72":2.0,"73":0.0,"74":0.0,"75":0.0,"76":0.0,"77":0.0,"78":3.0,"79":3.0,"80":1.0,"81":2.0,"82":2.0,"83":0.0,"84":0.0,"85":0.0,"86":0.0,"87":0.0,"88":0.0,"89":3.0,"90":1.0,"91":2.0,"92":2.0,"93":0.0,"94":0.0,"95":0.0,"96":0.0,"97":0.0,"98":0.0,"99":3.0}}