{"val":{"0":9.6411542551,"1":10.5821509131,"2":8.8337397929,"3":8.8893984871,"4":8.7781921116,"5":4.2022089626,"6":3.1083805026,"7":2.2225373413,"8":20.1305434276,"9":17.5580652435,"10":8.8261480842,"11":9.3485192924,"12":9.3399754021,"13":8.7315031696,"14":9.7169199707,"15":3.0605425837,"16":3.431900139,"17":0.6122157373,"18":17.9481815041,"19":15.7651174406,"20":8.3543108016,"21":9.3159109459,"22":9.8531882026,"23":8.7106981691,"24":3.4171196498,"25":3.4518343089,"26":2.6680473199,"27":2.5754388734,"28":18.4740685232,"29":19.6554861434,"30":22.3195108813,"31":20.339515806,"32":19.6537894856,"33":20.8164953895,"34":2.8735852285,"35":2.4197504916,"36":3.1676039753,"37":3.0183165669,"38":16.9661419983,"39":17.513603208,"40":18.4476255174,"41":19.1392288734,"42":19.2562903926,"43":20.5036378181,"44":19.3513314552,"45":3.3276188022,"46":2.4739778022,"47":10.3372104122,"48":20.4724490983,"49":17.4922520232,"50":18.1596382922,"51":20.9991625013,"52":19.2037601063,"53":21.6443292618,"54":20.7597358714,"55":8.9267847799,"56":8.3564010607,"57":8.1413885745,"58":9.6531098113,"59":8.6047521807,"60":20.1156103216,"61":19.4805718007,"62":20.1190985876,"63":18.8523960292,"64":9.975449491,"65":10.5000733362,"66":8.745601187,"67":8.5614506943,"68":7.6782831889,"69":9.9627350898,"70":19.2548880424,"71":21.0746755358,"72":19.8084799227,"73":19.4993176599,"74":9.672606827,"75":8.2171223465,"76":10.2137312536,"77":7.5604956893,"78":9.9460578945,"79":10.0141407652,"80":19.5941592403,"81":21.5725606945,"82":19.8162730841,"83":18.6397327872,"84":7.9739714253,"85":10.363292125,"86":7.5925573389,"87":8.4134987272,"88":8.065936299,"89":10.1329943106,"90":21.1398181059,"91":20.3933664338,"92":20.0032535959,"93":20.1368347193,"94":9.3011803601,"95":9.5488238541,"96":9.5118254259,"97":10.215557794,"98":8.7115173302,"99":9.1603125239},"region":{"0":2.0,"1":2.0,"2":2.0,"3":2.0,"4":2.0,"5":0.0,"6":0.0,"7":0.0,"8":3.0,"9":3.0,"10":2.0,"11":2.0,"12":2.0,"13":2.0,"14":2.0,"15":0.0,"16":0.0,"17":0.0,"18":3.0,"19":3.0,"20":2.0,"21":2.0,"22":2.0,"23":2.0,"24":0.0,"25":0.0,"26":0.0,"27":0.0,"28":3.0,"29":3.0,"30":4.0,"31":4.0,"32":4.0,"33":4.0,"34":0.0,"35":0.0,"36":0.0,"37":0.0,"38":3.0,"39":3.0,"40":4.0,"41":4.0,"42":4.0,"43":4.0,"44":4.0,"45":0.0,"46":0.0,"47":1.0,"48":3.0,"49":3.0,"50":4.0,"51":4.0,"52":4.0,"53":4.0,"54":4.0,"55":1.0,"56":1.0,"57":1.0,"58":1.0,"59":1.0,"60":4.0,"61":4.0,"62":4.0,"63":4.0,"64":1.0,"65":1.0,"66":1.0,"67":1.0,"68":1.0,"69":1.0,"70":4.0,"71":4.0,"72":4.0,"73":4.0,"74":1.0,"75":1.0,"76":1.0,"77":1.0,"78":1.0,"79":1.0,"80":4.0,"81":4.0,"82":4.0,"83":4.0,"84":1.0,"85":1.0,"86":1.0,"87":1.0,"88":1.0,"89":1.0,"90":4.0,"91":4.0,"92":4.0,"93":4.0,"94":1.0,"95":1.0,"96":1.0,"97":1.0,"98":1.0,"99":1.0}}