{"val":{"0":2.6601132187,"1":4.0633586719,"2":-0.4854395178,"3":0.0235131457,"4":18.6803762552,"5":16.7560480442,"6":19.1313136858,"7":18.6646124944,"8":16.7289585015,"9":17.9515653833,"10":1.8441020322,"11":1.8868585102,"12":0.6369546041,"13":2.0767174792,"14":18.1218098763,"15":17.4166267598,"16":16.227249168,"17":18.3841399647,"18":19.4180280688,"19":18.43228337,"20":0.3800891721,"21":0.9973090512,"22":1.8305756706,"23":-0.1157556968,"24":16.382227817,"25":18.245651693,"26":17.613966542,"27":17.1817232981,"28":16.3272716845,"29":14.7490544083,"30":1.399750671,"31":1.1224222975,"32":0.9330448754,"33":0.81876331,"34":2.6684543215,"35":2.5581585002,"36":18.5616009263,"37":17.5049983948,"38":18.0835231397,"39":18.3658676523,"40":-0.3475286062,"41":-0.5155029445,"42":2.6270433488,"43":-0.7297594588,"44":2.1528710434,"45":5.1240071255,"46":3.3598216017,"47":18.4936014512,"48":18.2956231364,"49":18.0513914194,"50":0.4267722232,"51":1.4940507294,"52":1.625631758,"53":2.3008622182,"54":0.4937229167,"55":6.0255784576,"56":4.5599235735,"57":12.7425947117,"58":18.8520151428,"59":19.3738971024,"60":1.6841708132,"61":1.3011262521,"62":3.9555244985,"63":1.3430018238,"64":5.382308962,"65":3.2277524518,"66":4.3671031551,"67":12.902702246,"68":14.5299158027,"69":13.2704383903,"70":6.7722928446,"71":8.9536131098,"72":4.5857405314,"73":7.9840549487,"74":6.0642656972,"75":3.1970397372,"76":14.5472335823,"77":13.5771804809,"78":14.0673454634,"79":13.0366644179,"80":6.4336674598,"81":7.2450041698,"82":9.3368531572,"83":8.0180891134,"84":8.2672147512,"85":14.0530198819,"86":15.458251946,"87":14.6939864557,"88":13.1399112409,"89":14.2446118766,"90":8.4646649394,"91":8.2902544558,"92":8.3915582259,"93":6.8828810651,"94":7.519855095,"95":8.1055889561,"96":12.4080853099,"97":14.9391937388,"98":12.1355526505,"99":14.9036317161},"region":{"0":3.0,"1":3.0,"2":3.0,"3":3.0,"4":1.0,"5":1.0,"6":1.0,"7":1.0,"8":1.0,"9":1.0,"10":3.0,"11":3.0,"12":3.0,"13":3.0,"14":1.0,"15":1.0,"16":1.0,"17":1.0,"18":1.0,"19":1.0,"20":3.0,"21":3.0,"22":3.0,"23":3.0,"24":1.0,"25":1.0,"26":1.0,"27":1.0,"28":1.0,"29":1.0,"30":3.0,"31":3.0,"32":3.0,"33":3.0,"34":3.0,"35":4.0,"36":1.0,"37":1.0,"38":1.0,"39":1.0,"40":3.0,"41":3.0,"42":3.0,"43":3.0,"44":3.0,"45":4.0,"46":4.0,"47":1.0,"48":1.0,"49":1.0,"50":3.0,"51":3.0,"52":3.0,"53":3.0,"54":3.0,"55":4.0,"56":4.0,"57":2.0,"58":1.0,"59":1.0,"60":3.0,"61":3.0,"62":3.0,"63":3.0,"64":4.0,"65":4.0,"66":4.0,"67":2.0,"68":2.0,"69":2.0,"70":0.0,"71":0.0,"72":0.0,"73":0.0,"74":4.0,"75":4.0,"76":2.0,"77":2.0,"78":2.0,"79":2.0,"80":0.0,"81":0.0,"82":0.0,"83":0.0,"84":0.0,"85":2.0,"86":2.0,"87":2.0,"88":2.0,"89":2.0,"90":0.0,"91":0.0,"92":0.0,"93":0.0,"94":0.0,"95":0.0,"96":2.0,"97":2.0,"98":2.0,"99":2.0}}