{"val":{"0":17.6136418262,"1":17.6086555207,"2":17.9419528856,"3":16.7812376683,"4":16.8472565538,"5":11.8159539486,"6":12.449797783,"7":12.7372875426,"8":12.3568625288,"9":12.9966737777,"10":16.7027353655,"11":20.3190177008,"12":17.8256798826,"13":17.6136014538,"14":17.3815355036,"15":15.5100852548,"16":11.9012071572,"17":11.0713919117,"18":13.3561781506,"19":12.5579168875,"20":17.0992020727,"21":18.1693063393,"22":17.3095572123,"23":17.0188612132,"24":18.5100825447,"25":14.9261415343,"26":12.2239508859,"27":13.3099659901,"28":13.450526447,"29":13.8764554614,"30":16.4348588223,"31":18.4661461377,"32":18.1848371585,"33":17.1213868722,"34":2.4406356142,"35":0.3783565641,"36":1.1171738636,"37":2.9730294508,"38":0.6921011077,"39":0.9546262649,"40":13.6089859167,"41":13.7180670229,"42":12.5844037712,"43":14.5928217042,"44":14.5322172427,"45":0.924541148,"46":2.9286040884,"47":2.1504979042,"48":1.5013352089,"49":1.7050473513,"50":13.4858045632,"51":14.2951581006,"52":13.4394464785,"53":14.2112378362,"54":13.3211850488,"55":19.2038308121,"56":17.8697367405,"57":1.0800274741,"58":0.4663723237,"59":-0.0261597555,"60":14.8471711985,"61":13.4701879523,"62":14.2818081382,"63":16.0767190253,"64":15.2653360003,"65":18.9509874505,"66":19.5634260134,"67":18.3164756034,"68":-0.6976468263,"69":0.2529767214,"70":16.3278631572,"71":13.3735779203,"72":15.7251646613,"73":13.5789332887,"74":12.5705482215,"75":19.0275395161,"76":19.5662109742,"77":19.4106462009,"78":18.7487413434,"79":19.4260615138,"80":14.2443378495,"81":15.1803029599,"82":14.4025757927,"83":14.8202042313,"84":18.9027822606,"85":19.6146920266,"86":19.1497069643,"87":17.6596469482,"88":20.145791825,"89":20.6111200233,"90":15.1195726449,"91":12.4452376632,"92":13.4584247046,"93":14.2413757063,"94":18.9387773907,"95":18.9617199312,"96":18.546827666,"97":19.2069143252,"98":19.1053519173,"99":18.6764452827},"region":{"0":4.0,"1":4.0,"2":4.0,"3":4.0,"4":4.0,"5":1.0,"6":1.0,"7":1.0,"8":1.0,"9":1.0,"10":4.0,"11":4.0,"12":4.0,"13":4.0,"14":4.0,"15":1.0,"16":1.0,"17":1.0,"18":1.0,"19":1.0,"20":4.0,"21":4.0,"22":4.0,"23":4.0,"24":4.0,"25":1.0,"26":1.0,"27":1.0,"28":1.0,"29":1.0,"30":4.0,"31":4.0,"32":4.0,"33":4.0,"34":3.0,"35":3.0,"36":3.0,"37":3.0,"38":3.0,"39":3.0,"40":0.0,"41":0.0,"42":0.0,"43":0.0,"44":0.0,"45":3.0,"46":3.0,"47":3.0,"48":3.0,"49":3.0,"50":0.0,"51":0.0,"52":0.0,"53":0.0,"54":0.0,"55":2.0,"56":2.0,"57":3.0,"58":3.0,"59":3.0,"60":0.0,"61":0.0,"62":0.0,"63":0.0,"64":0.0,"65":2.0,"66":2.0,"67":2.0,"68":3.0,"69":3.0,"70":0.0,"71":0.0,"72":0.0,"73":0.0,"74":0.0,"75":2.0,"76":2.0,"77":2.0,"78":2.0,"79":2.0,"80":0.0,"81":0.0,"82":0.0,"83":0.0,"84":2.0,"85":2.0,"86":2.0,"87":2.0,"88":2.0,"89":2.0,"90":0.0,"91":0.0,"92":0.0,"93":0.0,"94":2.0,"95":2.0,"96":2.0,"97":2.0,"98":2.0,"99":2.0}}