{"val":{"0":2.6925175821,"1":0.6152904485,"2":4.2007417688,"3":19.2665855049,"4":18.7963092092,"5":18.4468145421,"6":5.8603118486,"7":6.7020354384,"8":1.1115874656,"9":1.4079026409,"10":3.7671506939,"11":2.0054481142,"12":2.334157113,"13":2.9786811626,"14":5.9236797296,"15":8.3254570898,"16":8.0013221178,"17":7.5951187179,"18":-0.2477645969,"19":1.1773267554,"20":3.0624929102,"21":3.1519462237,"22":2.5122768702,"23":3.1692329604,"24":2.3990166364,"25":8.5107774807,"26":7.0861463643,"27":7.3281350194,"28":0.6744651902,"29":1.5883927304,"30":3.9090105118,"31":3.9832116061,"32":0.7735803467,"33":2.5770465171,"34":2.3951666497,"35":3.0827823335,"36":6.6823539902,"37":8.1002340342,"38":1.2989480631,"39":-0.717858361,"40":3.6229619144,"41":3.2615810792,"42":4.7460287889,"43":3.562198793,"44":2.761010276,"45":1.3576789384,"46":7.813978673,"47":8.4286538085,"48":1.3778780531,"49":0.4895259179,"50":2.6729332035,"51":3.2539065422,"52":2.4368557083,"53":1.6535723277,"54":4.1736221611,"55":2.0584697767,"56":7.4045944627,"57":6.8585996365,"58":2.2422208954,"59":20.450670362,"60":3.9663182252,"61":4.2398824712,"62":2.4965535203,"63":0.7164255913,"64":1.9916107224,"65":2.6276020104,"66":8.4356705362,"67":19.9034770943,"68":18.3574602802,"69":19.292108412,"70":3.1636950998,"71":3.4469607245,"72":4.1689719476,"73":2.8998132059,"74":3.790451158,"75":17.3827029719,"76":19.803755897,"77":18.2854449309,"78":20.3204938203,"79":20.0106930057,"80":2.788271849,"81":1.8712280509,"82":2.8759170295,"83":3.3440021457,"84":17.8732460193,"85":19.6049598937,"86":17.4760837926,"87":18.1803891627,"88":17.2958874087,"89":18.6979957221,"90":2.3809282361,"91":1.8038921312,"92":2.1805648838,"93":3.1399377113,"94":17.1546602392,"95":21.4314977673,"96":19.48207211,"97":19.0543475308,"98":19.6572170926,"99":18.878670771},"region":{"0":0.0,"1":0.0,"2":0.0,"3":2.0,"4":2.0,"5":2.0,"6":1.0,"7":1.0,"8":3.0,"9":3.0,"10":0.0,"11":0.0,"12":0.0,"13":0.0,"14":1.0,"15":1.0,"16":1.0,"17":1.0,"18":3.0,"19":3.0,"20":0.0,"21":0.0,"22":0.0,"23":0.0,"24":0.0,"25":1.0,"26":1.0,"27":1.0,"28":3.0,"29":3.0,"30":0.0,"31":0.0,"32":0.0,"33":0.0,"34":0.0,"35":0.0,"36":1.0,"37":1.0,"38":3.0,"39":3.0,"40":0.0,"41":0.0,"42":0.0,"43":0.0,"44":0.0,"45":0.0,"46":1.0,"47":1.0,"48":3.0,"49":3.0,"50":0.0,"51":0.0,"52":0.0,"53":0.0,"54":0.0,"55":0.0,"56":1.0,"57":1.0,"58":3.0,"59":4.0,"60":0.0,"61":0.0,"62":0.0,"63":0.0,"64":0.0,"65":0.0,"66":1.0,"67":4.0,"68":4.0,"69":4.0,"70":0.0,"71":0.0,"72":0.0,"73":0.0,"74":0.0,"75":4.0,"76":4.0,"77":4.0,"78":4.0,"79":4.0,"80":0.0,"81":0.0,"82":0.0,"83":0.0,"84":4.0,"85":4.0,"86":4.0,"87":4.0,"88":4.0,"89":4.0,"90":0.0,"91":0.0,"92":0.0,"93":0.0,"94":4.0,"95":4.0,"96":4.0,"97":4.0,"98":4.0,"99":4.0}}