{"val":{"0":19.2555196304,"1":19.885121611,"2":18.1019583013,"3":18.2911183832,"4":19.6369533705,"5":18.317158208,"6":20.2110402601,"7":19.8025965901,"8":17.8166946189,"9":19.1069457862,"10":19.6688886432,"11":21.9258922858,"12":19.1137599915,"13":19.70266682,"14":16.7581023983,"15":18.2567728647,"16":19.2849516154,"17":20.1801334454,"18":19.7507911592,"19":18.9038657667,"20":13.7633423513,"21":12.9205460575,"22":18.6237554273,"23":18.6853170196,"24":6.9894502399,"25":4.8652318523,"26":6.9985721931,"27":5.4639302203,"28":5.4376673182,"29":5.8629385849,"30":13.8377336686,"31":14.856828967,"32":12.4805610288,"33":13.1435706025,"34":5.5329047625,"35":5.6868682247,"36":6.1520682916,"37":7.3557772441,"38":6.9225956514,"39":5.5638103272,"40":15.1426973498,"41":13.9538794441,"42":13.9358153276,"43":16.144452154,"44":6.6615677687,"45":6.2988948523,"46":6.5616580768,"47":6.0695419959,"48":5.5812424623,"49":6.9292880781,"50":13.5066585018,"51":13.7513001681,"52":12.8553424767,"53":5.9016797721,"54":5.7354844036,"55":6.9374768878,"56":5.4517680832,"57":5.736267106,"58":4.8388066083,"59":7.0625610342,"60":14.3152141515,"61":14.655948813,"62":16.747718616,"63":4.7604512523,"64":7.3648719703,"65":6.4096244069,"66":5.6949843811,"67":5.0926486787,"68":4.8363817073,"69":7.6339189768,"70":17.3904314421,"71":16.5202510529,"72":17.382408429,"73":16.1268816691,"74":7.1423423548,"75":5.3824126901,"76":5.308690222,"77":5.6126324416,"78":4.3693988887,"79":6.2479157094,"80":16.2442965483,"81":17.5886001387,"82":16.4170490688,"83":17.4594440511,"84":18.8188944475,"85":17.277905782,"86":17.0371330621,"87":16.9200564505,"88":17.6428853925,"89":18.1972368664,"90":4.3127687027,"91":5.0556208905,"92":16.4884241994,"93":18.8669554497,"94":18.5143881086,"95":18.7087582622,"96":17.4674130105,"97":17.5970256562,"98":17.6247140811,"99":17.1032489008},"region":{"0":4.0,"1":4.0,"2":4.0,"3":4.0,"4":4.0,"5":4.0,"6":4.0,"7":4.0,"8":4.0,"9":4.0,"10":4.0,"11":4.0,"12":4.0,"13":4.0,"14":4.0,"15":4.0,"16":4.0,"17":4.0,"18":4.0,"19":4.0,"20":2.0,"21":2.0,"22":4.0,"23":4.0,"24":3.0,"25":3.0,"26":3.0,"27":3.0,"28":3.0,"29":3.0,"30":2.0,"31":2.0,"32":2.0,"33":2.0,"34":3.0,"35":3.0,"36":3.0,"37":3.0,"38":3.0,"39":3.0,"40":2.0,"41":2.0,"42":2.0,"43":2.0,"44":3.0,"45":3.0,"46":3.0,"47":3.0,"48":3.0,"49":3.0,"50":2.0,"51":2.0,"52":2.0,"53":3.0,"54":3.0,"55":3.0,"56":3.0,"57":3.0,"58":3.0,"59":3.0,"60":2.0,"61":2.0,"62":0.0,"63":3.0,"64":3.0,"65":3.0,"66":3.0,"67":3.0,"68":3.0,"69":3.0,"70":0.0,"71":0.0,"72":0.0,"73":0.0,"74":3.0,"75":3.0,"76":3.0,"77":3.0,"78":3.0,"79":3.0,"80":0.0,"81":0.0,"82":0.0,"83":0.0,"84":0.0,"85":0.0,"86":0.0,"87":0.0,"88":0.0,"89":0.0,"90":1.0,"91":1.0,"92":0.0,"93":0.0,"94":0.0,"95":0.0,"96":0.0,"97":0.0,"98":0.0,"99":0.0}}