{"val":{"0":4.5050677754,"1":4.0446583722,"2":6.154072331,"3":6.2736230899,"4":5.910882963,"5":4.5153805579,"6":3.7479707601,"7":3.5717958564,"8":4.5348586305,"9":4.4858447112,"10":16.7270626985,"11":18.0822784623,"12":16.9973592024,"13":17.8507550386,"14":16.6127524887,"15":16.3835154836,"16":16.416642105,"17":17.2713310493,"18":15.2978587462,"19":17.5622065359,"20":16.594092707,"21":16.4851051512,"22":15.8467540702,"23":15.8418696026,"24":16.7593947102,"25":16.9403086102,"26":17.4751571274,"27":17.4187505619,"28":16.8607333319,"29":17.1592442861,"30":8.0810461228,"31":16.7913685027,"32":18.1174116506,"33":16.7161479928,"34":15.3096545768,"35":17.6651963201,"36":14.7777091716,"37":16.9286013624,"38":17.0065245656,"39":17.0302427551,"40":7.30733718,"41":6.132093772,"42":7.3603945694,"43":8.0028698381,"44":6.9135894835,"45":5.7420866532,"46":7.6063112812,"47":7.5361948656,"48":8.5110142739,"49":7.7999776969,"50":6.5864332144,"51":6.0676838147,"52":5.1634976042,"53":7.0268490176,"54":8.9846998744,"55":8.5192229741,"56":6.4518054961,"57":8.6232691604,"58":5.6091831739,"59":6.6716088861,"60":5.9904465145,"61":15.2207539041,"62":14.8901023563,"63":14.357885902,"64":16.4454167015,"65":17.327926482,"66":14.5795761805,"67":16.7836882225,"68":17.4700264032,"69":14.7049566984,"70":16.1954800143,"71":15.2450433542,"72":16.8493375231,"73":16.1107717361,"74":16.5497092047,"75":14.5032519049,"76":15.5015469938,"77":15.3885962743,"78":15.9344844128,"79":16.1696992703,"80":17.3385589724,"81":14.7939183178,"82":15.7664699818,"83":12.5232887233,"84":12.3933033989,"85":12.0892808414,"86":12.7521394219,"87":11.7531269882,"88":12.1603433173,"89":12.9366324103,"90":16.8672868846,"91":13.8581685577,"92":12.408561446,"93":13.3546496993,"94":12.3435017213,"95":11.9174236789,"96":10.3265212176,"97":12.4938821021,"98":10.9915888476,"99":12.3443974521},"region":{"0":3.0,"1":3.0,"2":3.0,"3":3.0,"4":3.0,"5":3.0,"6":3.0,"7":3.0,"8":3.0,"9":3.0,"10":0.0,"11":0.0,"12":0.0,"13":0.0,"14":0.0,"15":0.0,"16":0.0,"17":0.0,"18":0.0,"19":0.0,"20":0.0,"21":0.0,"22":0.0,"23":0.0,"24":0.0,"25":0.0,"26":0.0,"27":0.0,"28":0.0,"29":0.0,"30":1.0,"31":0.0,"32":0.0,"33":0.0,"34":0.0,"35":0.0,"36":0.0,"37":0.0,"38":0.0,"39":0.0,"40":1.0,"41":1.0,"42":1.0,"43":1.0,"44":1.0,"45":1.0,"46":1.0,"47":1.0,"48":1.0,"49":1.0,"50":1.0,"51":1.0,"52":1.0,"53":1.0,"54":1.0,"55":1.0,"56":1.0,"57":1.0,"58":1.0,"59":1.0,"60":1.0,"61":2.0,"62":2.0,"63":2.0,"64":2.0,"65":2.0,"66":2.0,"67":2.0,"68":2.0,"69":2.0,"70":2.0,"71":2.0,"72":2.0,"73":2.0,"74":2.0,"75":2.0,"76":2.0,"77":2.0,"78":2.0,"79":2.0,"80":2.0,"81":2.0,"82":2.0,"83":4.0,"84":4.0,"85":4.0,"86":4.0,"87":4.0,"88":4.0,"89":4.0,"90":2.0,"91":2.0,"92":4.0,"93":4.0,"94":4.0,"95":4.0,"96":4.0,"97":4.0,"98":4.0,"99":4.0}}