{"val":{"0":16.2767670761,"1":14.1395582416,"2":15.3011613987,"3":15.6549447306,"4":1.3942776927,"5":1.5891723452,"6":11.0790077427,"7":8.7043143404,"8":8.9797592127,"9":12.0904547485,"10":14.4825145977,"11":13.3647937963,"12":14.9439204731,"13":14.4845994126,"14":1.0204631131,"15":0.6931625095,"16":9.6384088285,"17":9.3785937376,"18":9.627882477,"19":11.47815249,"20":15.1081564967,"21":13.193124579,"22":15.5228652916,"23":16.1637387629,"24":1.685564747,"25":0.2797761809,"26":9.8490740516,"27":10.2628964048,"28":10.2642189253,"29":10.1903084958,"30":14.4697349478,"31":14.6349967396,"32":14.7284299817,"33":15.7812654528,"34":-1.4895941914,"35":1.1961720964,"36":9.2454728708,"37":9.3792602666,"38":9.3444647186,"39":9.9189751786,"40":14.8919987451,"41":16.1660366379,"42":14.0341076021,"43":13.576562396,"44":0.8552881891,"45":2.3406419608,"46":1.7914123131,"47":11.0959471692,"48":9.9652101734,"49":8.3847950798,"50":16.1824067824,"51":14.229361802,"52":14.1590191284,"53":1.5042335431,"54":1.560948956,"55":0.3293097973,"56":-0.0654045918,"57":1.1872854241,"58":9.8895329311,"59":9.3594747078,"60":14.3111755936,"61":15.019710171,"62":-0.64036408,"63":2.6010549805,"64":1.1610808068,"65":1.3452440925,"66":1.8371634111,"67":0.9413719381,"68":30.5050339304,"69":30.5211304706,"70":14.4770266837,"71":15.3145050037,"72":6.5678452134,"73":7.4966773588,"74":5.2018395497,"75":5.7430964953,"76":5.2263176915,"77":6.2879998242,"78":30.5608774357,"79":29.7995596336,"80":13.6136866405,"81":16.187199848,"82":6.5387593291,"83":7.8117443054,"84":6.9407558243,"85":4.7262443539,"86":6.3511499778,"87":6.9453083623,"88":29.0451225258,"89":29.7650994988,"90":14.5892298017,"91":15.2003529195,"92":5.8914852228,"93":5.2177825365,"94":6.733282213,"95":5.5990838314,"96":7.3894063629,"97":4.6738813607,"98":29.3281956636,"99":28.2721728877},"region":{"0":4.0,"1":4.0,"2":4.0,"3":4.0,"4":3.0,"5":3.0,"6":0.0,"7":0.0,"8":0.0,"9":0.0,"10":4.0,"11":4.0,"12":4.0,"13":4.0,"14":3.0,"15":3.0,"16":0.0,"17":0.0,"18":0.0,"19":0.0,"20":4.0,"21":4.0,"22":4.0,"23":4.0,"24":3.0,"25":3.0,"26":0.0,"27":0.0,"28":0.0,"29":0.0,"30":4.0,"31":4.0,"32":4.0,"33":4.0,"34":3.0,"35":3.0,"36":0.0,"37":0.0,"38":0.0,"39":0.0,"40":4.0,"41":4.0,"42":4.0,"43":4.0,"44":3.0,"45":3.0,"46":3.0,"47":0.0,"48":0.0,"49":0.0,"50":4.0,"51":4.0,"52":4.0,"53":3.0,"54":3.0,"55":3.0,"56":3.0,"57":3.0,"58":0.0,"59":0.0,"60":4.0,"61":4.0,"62":3.0,"63":3.0,"64":3.0,"65":3.0,"66":3.0,"67":3.0,"68":2.0,"69":2.0,"70":4.0,"71":4.0,"72":1.0,"73":1.0,"74":1.0,"75":1.0,"76":1.0,"77":1.0,"78":2.0,"79":2.0,"80":4.0,"81":4.0,"82":1.0,"83":1.0,"84":1.0,"85":1.0,"86":1.0,"87":1.0,"88":2.0,"89":2.0,"90":4.0,"91":4.0,"92":1.0,"93":1.0,"94":1.0,"95":1.0,"96":1.0,"97":1.0,"98":2.0,"99":2.0}}