{"val":{"0":7.1151028911,"1":5.9825864114,"2":8.1410649448,"3":6.8447582794,"4":6.7718558597,"5":6.3718907417,"6":5.6409441733,"7":7.5329666501,"8":5.9436161767,"9":8.8557571256,"10":6.9471723595,"11":5.0953091337,"12":5.4409536184,"13":8.2296636126,"14":5.1125794283,"15":8.1478719376,"16":8.4116538977,"17":6.4678829644,"18":5.5602665414,"19":7.6303781252,"20":17.8871181493,"21":19.6124654414,"22":20.0516801367,"23":22.384979645,"24":20.0435445852,"25":22.0563116291,"26":18.6392170511,"27":19.5467284998,"28":6.2703546093,"29":8.6632269821,"30":19.4190617697,"31":21.3592726142,"32":17.9204140525,"33":19.9974419955,"34":20.2412365761,"35":21.1675339371,"36":19.1347393303,"37":19.6878935391,"38":21.2424645974,"39":7.6925159308,"40":19.4318914748,"41":21.5568663676,"42":19.6416349995,"43":21.5577247594,"44":18.5964244524,"45":19.1186063369,"46":19.9602216944,"47":22.0865126032,"48":19.1411952401,"49":27.6341829143,"50":1.9133663794,"51":3.2411765624,"52":1.8658647612,"53":1.9000564413,"54":21.758178442,"55":20.6932431107,"56":19.2656560185,"57":21.5319007552,"58":26.5894693397,"59":28.421723978,"60":1.8440926085,"61":1.9191575179,"62":1.8703883775,"63":0.1867559569,"64":1.5976903399,"65":17.8503890301,"66":27.9511760851,"67":26.9176741983,"68":26.4699384958,"69":28.8607230762,"70":3.4457487395,"71":1.6030807436,"72":0.4356195067,"73":3.1995991107,"74":1.9246946863,"75":15.3335886676,"76":16.3797797989,"77":27.1995774194,"78":28.2211078266,"79":28.6546623455,"80":0.7612533312,"81":2.5006107429,"82":0.9684173593,"83":2.6154518386,"84":3.2395030124,"85":15.2497767421,"86":16.7271842961,"87":18.6726870789,"88":29.0928956503,"89":26.2033521555,"90":1.9689086875,"91":1.0696807805,"92":1.7788437113,"93":1.0527615734,"94":16.5043470814,"95":15.5085018797,"96":17.3794618797,"97":17.6384435087,"98":14.7027613778,"99":27.9243640093},"region":{"0":0.0,"1":0.0,"2":0.0,"3":0.0,"4":0.0,"5":0.0,"6":0.0,"7":0.0,"8":0.0,"9":0.0,"10":0.0,"11":0.0,"12":0.0,"13":0.0,"14":0.0,"15":0.0,"16":0.0,"17":0.0,"18":0.0,"19":0.0,"20":3.0,"21":3.0,"22":3.0,"23":3.0,"24":3.0,"25":3.0,"26":3.0,"27":3.0,"28":0.0,"29":0.0,"30":3.0,"31":3.0,"32":3.0,"33":3.0,"34":3.0,"35":3.0,"36":3.0,"37":3.0,"38":3.0,"39":0.0,"40":3.0,"41":3.0,"42":3.0,"43":3.0,"44":3.0,"45":3.0,"46":3.0,"47":3.0,"48":3.0,"49":2.0,"50":4.0,"51":4.0,"52":4.0,"53":4.0,"54":3.0,"55":3.0,"56":3.0,"57":3.0,"58":2.0,"59":2.0,"60":4.0,"61":4.0,"62":4.0,"63":4.0,"64":4.0,"65":1.0,"66":2.0,"67":2.0,"68":2.0,"69":2.0,"70":4.0,"71":4.0,"72":4.0,"73":4.0,"74":4.0,"75":1.0,"76":1.0,"77":2.0,"78":2.0,"79":2.0,"80":4.0,"81":4.0,"82":4.0,"83":4.0,"84":4.0,"85":1.0,"86":1.0,"87":1.0,"88":2.0,"89":2.0,"90":4.0,"91":4.0,"92":4.0,"93":4.0,"94":1.0,"95":1.0,"96":1.0,"97":1.0,"98":1.0,"99":2.0}}