{"val":{"0":2.0955172206,"1":0.7185381571,"2":3.0483963998,"3":22.8631211842,"4":23.7494096229,"5":20.9903178642,"6":5.9671514744,"7":4.1822151065,"8":4.7907337945,"9":3.9610216188,"10":2.0354520019,"11":0.9272422306,"12":3.5088221339,"13":22.2292115369,"14":21.935445902,"15":21.4316530296,"16":4.8961143388,"17":7.0708772048,"18":6.6455724771,"19":5.176496437,"20":2.2996244387,"21":1.789451194,"22":2.932149467,"23":20.59429662,"24":21.5481591379,"25":22.3910409996,"26":4.4562896568,"27":5.7721632193,"28":4.9220799502,"29":5.8926426881,"30":0.9533919252,"31":1.2106433662,"32":2.4876342371,"33":20.102081582,"34":22.4173555172,"35":20.9642618195,"36":5.3488244345,"37":4.0411179294,"38":4.9562608783,"39":5.5136170226,"40":2.5275294226,"41":1.5520956487,"42":22.8093321151,"43":21.7970286532,"44":20.278938429,"45":21.4407999522,"46":21.6551137482,"47":6.9059511458,"48":6.0509615191,"49":3.6109545824,"50":1.5738647566,"51":28.2112470703,"52":30.3025630683,"53":22.1918190675,"54":21.6011823673,"55":23.0356875783,"56":21.9971528312,"57":5.938577574,"58":5.2519094523,"59":5.5791402437,"60":22.5984181583,"61":28.5224970516,"62":30.2436801264,"63":27.7846734659,"64":23.1343877301,"65":20.9585464252,"66":22.7235202565,"67":5.9368190507,"68":5.5262966849,"69":4.9876565559,"70":26.6011155685,"71":29.1172645492,"72":29.7502406742,"73":29.9101683415,"74":30.8516972889,"75":29.0799644389,"76":29.6268736385,"77":5.4256284528,"78":4.0702680519,"79":3.9160867002,"80":24.1936890683,"81":27.8609299954,"82":27.6709912225,"83":28.923671986,"84":29.1317311358,"85":27.9380247899,"86":29.1336229425,"87":4.5143719349,"88":5.378323668,"89":4.6997558557,"90":23.162535101,"91":29.6737005419,"92":30.3348556104,"93":29.1000119377,"94":31.0843548857,"95":28.0983693028,"96":28.856290341,"97":6.3512201306,"98":4.5071327117,"99":4.8132280924},"region":{"0":3.0,"1":3.0,"2":3.0,"3":2.0,"4":2.0,"5":2.0,"6":1.0,"7":1.0,"8":1.0,"9":1.0,"10":3.0,"11":3.0,"12":3.0,"13":2.0,"14":2.0,"15":2.0,"16":1.0,"17":1.0,"18":1.0,"19":1.0,"20":3.0,"21":3.0,"22":3.0,"23":2.0,"24":2.0,"25":2.0,"26":1.0,"27":1.0,"28":1.0,"29":1.0,"30":3.0,"31":3.0,"32":3.0,"33":2.0,"34":2.0,"35":2.0,"36":1.0,"37":1.0,"38":1.0,"39":1.0,"40":3.0,"41":3.0,"42":2.0,"43":2.0,"44":2.0,"45":2.0,"46":2.0,"47":1.0,"48":1.0,"49":1.0,"50":3.0,"51":0.0,"52":0.0,"53":2.0,"54":2.0,"55":2.0,"56":2.0,"57":1.0,"58":1.0,"59":1.0,"60":4.0,"61":0.0,"62":0.0,"63":0.0,"64":2.0,"65":2.0,"66":2.0,"67":1.0,"68":1.0,"69":1.0,"70":4.0,"71":0.0,"72":0.0,"73":0.0,"74":0.0,"75":0.0,"76":0.0,"77":1.0,"78":1.0,"79":1.0,"80":4.0,"81":0.0,"82":0.0,"83":0.0,"84":0.0,"85":0.0,"86":0.0,"87":1.0,"88":1.0,"89":1.0,"90":4.0,"91":0.0,"92":0.0,"93":0.0,"94":0.0,"95":0.0,"96":0.0,"97":1.0,"98":1.0,"99":1.0}}