{"val":{"0":6.2143232774,"1":6.9824699378,"2":3.426676883,"3":3.3019377758,"4":2.1757915744,"5":6.0280384559,"6":5.4238639037,"7":6.6889819477,"8":4.5398131674,"9":7.6906414915,"10":12.7130989551,"11":13.9890441609,"12":1.4359010825,"13":4.0151990587,"14":3.7716270064,"15":17.1633361246,"16":17.4579096562,"17":16.6466710634,"18":6.3003980803,"19":4.8882284523,"20":15.1595051697,"21":11.259622577,"22":4.7460188926,"23":17.899968602,"24":18.3704684188,"25":17.4804776886,"26":18.7724299948,"27":17.5501657465,"28":6.1595377578,"29":6.0521057854,"30":13.5933710309,"31":19.0681118377,"32":18.1947608614,"33":19.4567677839,"34":15.6339656974,"35":10.8641492616,"36":6.0962438428,"37":6.3146188094,"38":7.0128386117,"39":7.9689312574,"40":10.6867216747,"41":13.7526022365,"42":20.1470685608,"43":19.7164352187,"44":19.0621715829,"45":11.5403585362,"46":3.7847731866,"47":6.3382234417,"48":7.2408871138,"49":5.3542659059,"50":12.0776205906,"51":0.7734260758,"52":-1.334315017,"53":2.165842051,"54":18.1882581229,"55":17.5244300377,"56":6.7956446971,"57":6.5044630232,"58":15.3329813524,"59":6.4950893766,"60":12.8140645322,"61":11.7922961605,"62":6.0423940173,"63":7.0989610362,"64":5.6847191199,"65":6.02585078,"66":6.4528015242,"67":16.103274826,"68":15.3771756757,"69":18.0605711333,"70":12.17247813,"71":12.1222115866,"72":14.4931885345,"73":5.1941557468,"74":13.4924471994,"75":10.7681200828,"76":16.7495957291,"77":14.6707001962,"78":15.5921922867,"79":16.191844674,"80":14.3672308449,"81":12.4582741009,"82":11.9593233681,"83":13.6267632071,"84":12.1585769175,"85":14.106475117,"86":16.9719762352,"87":16.6669947581,"88":16.0828729548,"89":15.8102744135,"90":4.5570886988,"91":13.6550529149,"92":13.0405567798,"93":14.864665437,"94":12.7770912625,"95":14.708170212,"96":16.6612514034,"97":16.1208052401,"98":16.1570944169,"99":15.9847602544},"region":{"0":3.0,"1":3.0,"2":0.0,"3":0.0,"4":0.0,"5":9.0,"6":9.0,"7":9.0,"8":9.0,"9":9.0,"10":6.0,"11":6.0,"12":0.0,"13":0.0,"14":0.0,"15":7.0,"16":7.0,"17":7.0,"18":9.0,"19":9.0,"20":6.0,"21":6.0,"22":0.0,"23":2.0,"24":2.0,"25":7.0,"26":7.0,"27":7.0,"28":9.0,"29":9.0,"30":6.0,"31":2.0,"32":2.0,"33":2.0,"34":2.0,"35":8.0,"36":9.0,"37":9.0,"38":9.0,"39":9.0,"40":6.0,"41":6.0,"42":2.0,"43":2.0,"44":2.0,"45":8.0,"46":9.0,"47":9.0,"48":9.0,"49":9.0,"50":6.0,"51":4.0,"52":4.0,"53":4.0,"54":2.0,"55":2.0,"56":9.0,"57":9.0,"58":1.0,"59":9.0,"60":6.0,"61":6.0,"62":9.0,"63":9.0,"64":9.0,"65":9.0,"66":9.0,"67":1.0,"68":1.0,"69":1.0,"70":6.0,"71":6.0,"72":6.0,"73":9.0,"74":6.0,"75":6.0,"76":1.0,"77":1.0,"78":1.0,"79":1.0,"80":6.0,"81":6.0,"82":6.0,"83":6.0,"84":6.0,"85":6.0,"86":1.0,"87":1.0,"88":1.0,"89":1.0,"90":5.0,"91":6.0,"92":6.0,"93":6.0,"94":6.0,"95":6.0,"96":1.0,"97":1.0,"98":1.0,"99":1.0}}