{"val":{"0":22.319559207,"1":23.1759189085,"2":22.8594893096,"3":20.1817334825,"4":3.0307818373,"5":3.000833998,"6":13.1299986022,"7":12.8707387739,"8":11.4517624467,"9":11.550120843,"10":22.017530431,"11":23.3703458431,"12":21.2325663711,"13":20.6510855161,"14":2.4942636582,"15":3.0945044459,"16":2.8961661714,"17":13.1228051062,"18":12.086008616,"19":12.9170996036,"20":21.998653536,"21":21.7475775415,"22":24.5135331655,"23":21.4504976212,"24":4.3239708932,"25":2.0559889311,"26":3.2925846582,"27":10.8848023263,"28":14.0230909067,"29":12.4095717701,"30":14.5969246255,"31":14.049113313,"32":13.9788442396,"33":14.273900313,"34":2.5024050112,"35":2.5626371362,"36":3.4178084182,"37":11.9964223077,"38":12.6093253694,"39":10.4762682202,"40":13.1989843315,"41":13.6510051694,"42":13.3430946486,"43":12.5561584637,"44":15.6630544746,"45":1.6205971469,"46":2.4738688524,"47":11.8251880139,"48":12.976886285,"49":14.5257968333,"50":2.9564330839,"51":13.5945118841,"52":14.1649640827,"53":13.3665475181,"54":13.96498225,"55":2.6665865991,"56":4.8557032234,"57":13.8848818478,"58":11.6349760424,"59":12.0300890039,"60":4.183093427,"61":5.1578345842,"62":15.0525804588,"63":13.5243901371,"64":14.4541409233,"65":2.3098579118,"66":3.2911862304,"67":13.1093914278,"68":12.6308420309,"69":12.9961424342,"70":2.9471586252,"71":4.367667238,"72":14.899555911,"73":14.0092354737,"74":15.7696000765,"75":3.1679456714,"76":3.0105455654,"77":13.4656179621,"78":12.0619137413,"79":12.6494338564,"80":4.9685470921,"81":2.1736468402,"82":13.9624574138,"83":13.3181148532,"84":13.0826773577,"85":3.7835455582,"86":3.7700726625,"87":13.0509058587,"88":13.3998691214,"89":13.0575344887,"90":2.9709393135,"91":2.4550191767,"92":13.7256848282,"93":13.9658912415,"94":14.8080986498,"95":2.7856118936,"96":2.6455016674,"97":11.5413295505,"98":12.6041244261,"99":12.3536713676},"region":{"0":4.0,"1":4.0,"2":4.0,"3":4.0,"4":1.0,"5":1.0,"6":0.0,"7":0.0,"8":0.0,"9":0.0,"10":4.0,"11":4.0,"12":4.0,"13":4.0,"14":1.0,"15":1.0,"16":1.0,"17":0.0,"18":0.0,"19":0.0,"20":4.0,"21":4.0,"22":4.0,"23":4.0,"24":1.0,"25":1.0,"26":1.0,"27":0.0,"28":0.0,"29":0.0,"30":2.0,"31":2.0,"32":2.0,"33":2.0,"34":1.0,"35":1.0,"36":1.0,"37":0.0,"38":0.0,"39":0.0,"40":2.0,"41":2.0,"42":2.0,"43":2.0,"44":2.0,"45":1.0,"46":1.0,"47":0.0,"48":0.0,"49":0.0,"50":3.0,"51":2.0,"52":2.0,"53":2.0,"54":2.0,"55":1.0,"56":1.0,"57":0.0,"58":0.0,"59":0.0,"60":3.0,"61":3.0,"62":2.0,"63":2.0,"64":2.0,"65":1.0,"66":1.0,"67":0.0,"68":0.0,"69":0.0,"70":3.0,"71":3.0,"72":2.0,"73":2.0,"74":2.0,"75":1.0,"76":1.0,"77":0.0,"78":0.0,"79":0.0,"80":3.0,"81":3.0,"82":2.0,"83":2.0,"84":2.0,"85":1.0,"86":1.0,"87":0.0,"88":0.0,"89":0.0,"90":3.0,"91":3.0,"92":2.0,"93":2.0,"94":2.0,"95":1.0,"96":1.0,"97":0.0,"98":0.0,"99":0.0}}