{"val":{"0":27.7088259271,"1":28.4085223192,"2":28.7803439022,"3":27.9235867311,"4":29.725470649,"5":28.9618784637,"6":28.4907754741,"7":29.2012536476,"8":30.4304120408,"9":27.7969574805,"10":28.9337950317,"11":28.6500332588,"12":28.7304711781,"13":29.4143878517,"14":27.2654177561,"15":28.7532541132,"16":28.6738378004,"17":28.9558070987,"18":30.0992227297,"19":29.0582380907,"20":28.321930405,"21":30.9903340541,"22":29.7518394548,"23":31.3342517257,"24":29.382937427,"25":29.0697470405,"26":28.4823296601,"27":27.7653014267,"28":29.7674176931,"29":30.2026489642,"30":30.44423161,"31":29.6988103242,"32":28.4286499482,"33":28.3179472983,"34":5.2028183797,"35":21.3178257902,"36":24.1265931744,"37":22.2928918092,"38":23.320087693,"39":23.0718601463,"40":28.8134274668,"41":29.2653393373,"42":28.6917624343,"43":4.1121037097,"44":4.3668106453,"45":21.7443410383,"46":24.2321845406,"47":22.6743493235,"48":22.9997669339,"49":20.7398342275,"50":28.5262831094,"51":29.498057949,"52":29.7948747575,"53":21.960979563,"54":24.3416191983,"55":23.5218506569,"56":21.8950200176,"57":23.081558874,"58":23.0172680442,"59":24.5366883585,"60":11.8813981673,"61":10.0526362761,"62":11.9351125951,"63":22.3616314888,"64":22.2439005023,"65":23.4238365571,"66":24.0641958343,"67":23.0933130525,"68":22.6225207625,"69":21.9670945189,"70":11.6862687685,"71":12.5296987193,"72":11.8060606493,"73":10.0630337755,"74":23.5865999617,"75":23.466635256,"76":25.4557018477,"77":28.7784948233,"78":27.6232829281,"79":27.5753055115,"80":10.6972400818,"81":12.1348649444,"82":10.657843214,"83":12.11039617,"84":11.5834534825,"85":26.5843644546,"86":27.6640383988,"87":26.7233378472,"88":27.0471862621,"89":27.9367162541,"90":12.4630377223,"91":13.7389592253,"92":13.0330698458,"93":12.8579694423,"94":26.8471836477,"95":28.9395729072,"96":27.1726365558,"97":28.7027342896,"98":27.9368281093,"99":25.3110549166},"region":{"0":0.0,"1":0.0,"2":0.0,"3":0.0,"4":0.0,"5":0.0,"6":0.0,"7":0.0,"8":0.0,"9":0.0,"10":0.0,"11":0.0,"12":0.0,"13":0.0,"14":0.0,"15":0.0,"16":0.0,"17":0.0,"18":0.0,"19":0.0,"20":0.0,"21":0.0,"22":0.0,"23":0.0,"24":0.0,"25":0.0,"26":0.0,"27":0.0,"28":0.0,"29":0.0,"30":0.0,"31":0.0,"32":0.0,"33":0.0,"34":4.0,"35":1.0,"36":1.0,"37":1.0,"38":1.0,"39":1.0,"40":0.0,"41":0.0,"42":0.0,"43":4.0,"44":4.0,"45":1.0,"46":1.0,"47":1.0,"48":1.0,"49":1.0,"50":0.0,"51":0.0,"52":0.0,"53":1.0,"54":1.0,"55":1.0,"56":1.0,"57":1.0,"58":1.0,"59":1.0,"60":3.0,"61":3.0,"62":3.0,"63":1.0,"64":1.0,"65":1.0,"66":1.0,"67":1.0,"68":1.0,"69":1.0,"70":3.0,"71":3.0,"72":3.0,"73":3.0,"74":1.0,"75":1.0,"76":2.0,"77":2.0,"78":2.0,"79":2.0,"80":3.0,"81":3.0,"82":3.0,"83":3.0,"84":3.0,"85":2.0,"86":2.0,"87":2.0,"88":2.0,"89":2.0,"90":3.0,"91":3.0,"92":3.0,"93":3.0,"94":2.0,"95":2.0,"96":2.0,"97":2.0,"98":2.0,"99":2.0}}