{"val":{"0":25.0634182809,"1":25.5645864575,"2":24.6825043051,"3":6.2281073492,"4":4.8799180924,"5":7.365563394,"6":6.9103046752,"7":7.4899509862,"8":5.5633683863,"9":5.8200950569,"10":23.8077608018,"11":23.9205105019,"12":23.029795314,"13":24.1969151922,"14":4.1733532133,"15":6.231804027,"16":5.6881285811,"17":4.776847512,"18":8.0471547582,"19":6.2587086738,"20":22.4730045165,"21":23.7025309485,"22":24.4008964954,"23":23.8721665289,"24":5.4880589078,"25":20.0309530453,"26":17.8615644161,"27":17.9409176017,"28":19.3441484142,"29":20.005925089,"30":24.2611092929,"31":24.2522204028,"32":24.3672610837,"33":18.6459051664,"34":19.3911954934,"35":20.0709066706,"36":18.7934563446,"37":20.4177223806,"38":21.0204794524,"39":19.5265863492,"40":3.2154665749,"41":1.3069292927,"42":24.0092139495,"43":17.4626790508,"44":19.1661992455,"45":19.0922061841,"46":27.7745397206,"47":26.7144126857,"48":29.3985411494,"49":28.5631165196,"50":2.3023357176,"51":3.0655074874,"52":1.7909448598,"53":31.0732810313,"54":29.5029586325,"55":30.2585915513,"56":28.619539014,"57":28.262085345,"58":27.732933808,"59":29.1698862651,"60":3.2401085818,"61":2.7072371117,"62":2.3628606633,"63":0.617635755,"64":29.2273731512,"65":28.3717121576,"66":30.9218720988,"67":30.4405609727,"68":29.6667698813,"69":30.5964332801,"70":0.1581311718,"71":1.9466474787,"72":1.2802614815,"73":2.6714043086,"74":3.5066580119,"75":29.5310275631,"76":28.902858185,"77":29.1309931727,"78":29.1876659559,"79":27.7427993521,"80":1.8623161921,"81":1.6541966424,"82":0.7914380632,"83":2.0737116463,"84":0.8386039974,"85":29.2135985405,"86":28.0861575575,"87":29.8234970144,"88":26.9205342198,"89":29.809707248,"90":1.0976490714,"91":0.9377075133,"92":2.538215502,"93":0.9011371204,"94":1.1555306096,"95":28.519086302,"96":29.1360003832,"97":29.398313765,"98":28.713261335,"99":28.3116678157},"region":{"0":0.0,"1":0.0,"2":0.0,"3":2.0,"4":2.0,"5":2.0,"6":2.0,"7":2.0,"8":2.0,"9":2.0,"10":0.0,"11":0.0,"12":0.0,"13":0.0,"14":2.0,"15":2.0,"16":2.0,"17":2.0,"18":2.0,"19":2.0,"20":0.0,"21":0.0,"22":0.0,"23":0.0,"24":2.0,"25":4.0,"26":4.0,"27":4.0,"28":4.0,"29":4.0,"30":0.0,"31":0.0,"32":0.0,"33":4.0,"34":4.0,"35":4.0,"36":4.0,"37":4.0,"38":4.0,"39":4.0,"40":1.0,"41":1.0,"42":0.0,"43":4.0,"44":4.0,"45":4.0,"46":3.0,"47":3.0,"48":3.0,"49":3.0,"50":1.0,"51":1.0,"52":1.0,"53":3.0,"54":3.0,"55":3.0,"56":3.0,"57":3.0,"58":3.0,"59":3.0,"60":1.0,"61":1.0,"62":1.0,"63":1.0,"64":3.0,"65":3.0,"66":3.0,"67":3.0,"68":3.0,"69":3.0,"70":1.0,"71":1.0,"72":1.0,"73":1.0,"74":1.0,"75":3.0,"76":3.0,"77":3.0,"78":3.0,"79":3.0,"80":1.0,"81":1.0,"82":1.0,"83":1.0,"84":1.0,"85":3.0,"86":3.0,"87":3.0,"88":3.0,"89":3.0,"90":1.0,"91":1.0,"92":1.0,"93":1.0,"94":1.0,"95":3.0,"96":3.0,"97":3.0,"98":3.0,"99":3.0}}