{"val":{"0":9.4563611724,"1":9.5878330519,"2":10.6475393589,"3":13.1150948881,"4":14.0222816765,"5":12.7166418379,"6":11.5044525095,"7":12.9271539322,"8":12.4127084138,"9":12.975687351,"10":9.5420533708,"11":9.8937348798,"12":8.8179706061,"13":13.9292877534,"14":13.0725686198,"15":12.8731527944,"16":13.0407030252,"17":13.1284616876,"18":12.7215136797,"19":14.0650238828,"20":10.2258747134,"21":9.6132046583,"22":10.8779627891,"23":15.471842459,"24":14.8738912654,"25":12.7506355675,"26":13.0627221813,"27":13.1648885868,"28":13.9542037653,"29":16.9868908779,"30":5.8542477993,"31":5.577463677,"32":4.5165550853,"33":4.5345058867,"34":12.525052976,"35":2.567673699,"36":0.9825076825,"37":2.1265784004,"38":3.3517977015,"39":17.4138721143,"40":4.6618823662,"41":5.792508119,"42":5.1610394269,"43":4.8312656162,"44":2.8942403689,"45":2.4739253321,"46":3.0286899509,"47":2.468523062,"48":1.7378841599,"49":17.7114253527,"50":4.1660646165,"51":4.9091596098,"52":5.6674945579,"53":2.6728111084,"54":1.6502493669,"55":1.2345379094,"56":1.8931530017,"57":0.9416426552,"58":0.9049996108,"59":17.4737092374,"60":5.5585935031,"61":4.3578632219,"62":3.5987743298,"63":1.9513999101,"64":1.706996096,"65":1.3459234249,"66":1.7815065734,"67":2.2074547528,"68":0.2811137534,"69":17.9153890225,"70":3.8883617446,"71":4.5908348319,"72":3.0160891821,"73":2.5248146041,"74":2.059498331,"75":1.3169707115,"76":2.1209988412,"77":3.1332115807,"78":17.1342389557,"79":17.3044709054,"80":5.295016804,"81":6.4895439122,"82":1.6821754998,"83":0.268300819,"84":2.7533703848,"85":1.4477876794,"86":2.3307435774,"87":18.3379084829,"88":17.7937477192,"89":16.7901355638,"90":4.5052790793,"91":3.5193545624,"92":3.4698400406,"93":1.544649932,"94":2.5627332031,"95":2.7643510617,"96":2.0734251144,"97":17.7930014988,"98":18.50839722,"99":17.5970461063},"region":{"0":0.0,"1":0.0,"2":4.0,"3":4.0,"4":4.0,"5":4.0,"6":4.0,"7":4.0,"8":4.0,"9":4.0,"10":0.0,"11":0.0,"12":0.0,"13":4.0,"14":4.0,"15":4.0,"16":4.0,"17":4.0,"18":4.0,"19":4.0,"20":0.0,"21":0.0,"22":0.0,"23":4.0,"24":4.0,"25":4.0,"26":4.0,"27":4.0,"28":4.0,"29":3.0,"30":1.0,"31":1.0,"32":1.0,"33":1.0,"34":4.0,"35":2.0,"36":2.0,"37":2.0,"38":2.0,"39":3.0,"40":1.0,"41":1.0,"42":1.0,"43":1.0,"44":2.0,"45":2.0,"46":2.0,"47":2.0,"48":2.0,"49":3.0,"50":1.0,"51":1.0,"52":1.0,"53":2.0,"54":2.0,"55":2.0,"56":2.0,"57":2.0,"58":2.0,"59":3.0,"60":1.0,"61":1.0,"62":2.0,"63":2.0,"64":2.0,"65":2.0,"66":2.0,"67":2.0,"68":2.0,"69":3.0,"70":1.0,"71":1.0,"72":2.0,"73":2.0,"74":2.0,"75":2.0,"76":2.0,"77":2.0,"78":3.0,"79":3.0,"80":1.0,"81":1.0,"82":2.0,"83":2.0,"84":2.0,"85":2.0,"86":2.0,"87":3.0,"88":3.0,"89":3.0,"90":1.0,"91":1.0,"92":2.0,"93":2.0,"94":2.0,"95":2.0,"96":2.0,"97":3.0,"98":3.0,"99":3.0}}