{"val":{"0":21.2795303043,"1":20.884664187,"2":20.6530426027,"3":19.2306727235,"4":20.7414382817,"5":20.321494177,"6":21.2815525958,"7":21.0684296375,"8":19.7715919001,"9":20.1583014855,"10":19.8675895529,"11":20.6775513549,"12":19.4338194537,"13":20.4664022076,"14":19.4239720593,"15":19.5457165196,"16":21.2097604184,"17":18.7739917489,"18":20.1973497304,"19":18.641265278,"20":11.4367797876,"21":11.9500569271,"22":10.646014662,"23":19.8216781077,"24":19.9777309342,"25":18.8482835052,"26":20.1409087971,"27":19.5380396819,"28":21.2379181333,"29":19.9402527475,"30":11.2083415718,"31":11.914477924,"32":11.0666847049,"33":9.8026374724,"34":17.4259265578,"35":20.5833040944,"36":18.1793422891,"37":20.3474262202,"38":21.577990087,"39":19.4575675414,"40":10.7533309703,"41":12.0585510451,"42":10.9721266934,"43":11.0562570662,"44":11.8051384028,"45":21.0148870012,"46":22.0849933558,"47":20.8388098781,"48":21.5813327302,"49":20.2574270481,"50":10.8805724218,"51":10.2190806055,"52":10.9501759577,"53":10.9000140296,"54":9.1396155425,"55":9.2253222927,"56":18.9282536904,"57":5.0160589541,"58":7.0723556338,"59":6.6974983059,"60":9.1721844114,"61":13.5963709078,"62":9.8035391272,"63":11.9736984891,"64":11.3321403203,"65":8.920967334,"66":10.3094959273,"67":5.8769772432,"68":4.6694065612,"69":3.9768434465,"70":24.5809510579,"71":11.6777391838,"72":11.6303508976,"73":12.4740080068,"74":1.4403046413,"75":0.3128118739,"76":5.2840235351,"77":4.5891820715,"78":6.3580346326,"79":3.6082245069,"80":24.5027989029,"81":25.0592001189,"82":11.0530863881,"83":0.2200424957,"84":1.3794205612,"85":1.9441230881,"86":6.0451715932,"87":5.2357051966,"88":4.6664587472,"89":4.9895614086,"90":25.2499165749,"91":25.898522661,"92":1.6677059703,"93":0.8165631854,"94":-0.3989214105,"95":2.1728319635,"96":2.9987475808,"97":4.7172085876,"98":3.9092667901,"99":4.6923412731},"region":{"0":0.0,"1":0.0,"2":0.0,"3":0.0,"4":0.0,"5":0.0,"6":0.0,"7":0.0,"8":0.0,"9":0.0,"10":0.0,"11":0.0,"12":0.0,"13":0.0,"14":0.0,"15":0.0,"16":0.0,"17":0.0,"18":0.0,"19":0.0,"20":2.0,"21":2.0,"22":2.0,"23":0.0,"24":0.0,"25":0.0,"26":0.0,"27":0.0,"28":0.0,"29":0.0,"30":2.0,"31":2.0,"32":2.0,"33":2.0,"34":0.0,"35":0.0,"36":0.0,"37":0.0,"38":0.0,"39":0.0,"40":2.0,"41":2.0,"42":2.0,"43":2.0,"44":2.0,"45":0.0,"46":0.0,"47":0.0,"48":0.0,"49":0.0,"50":2.0,"51":2.0,"52":2.0,"53":2.0,"54":2.0,"55":2.0,"56":0.0,"57":4.0,"58":4.0,"59":4.0,"60":2.0,"61":2.0,"62":2.0,"63":2.0,"64":2.0,"65":2.0,"66":2.0,"67":4.0,"68":4.0,"69":4.0,"70":3.0,"71":2.0,"72":2.0,"73":2.0,"74":1.0,"75":1.0,"76":4.0,"77":4.0,"78":4.0,"79":4.0,"80":3.0,"81":3.0,"82":2.0,"83":1.0,"84":1.0,"85":1.0,"86":4.0,"87":4.0,"88":4.0,"89":4.0,"90":3.0,"91":3.0,"92":1.0,"93":1.0,"94":1.0,"95":1.0,"96":4.0,"97":4.0,"98":4.0,"99":4.0}}