{"val":{"0":12.5764356489,"1":12.0448469699,"2":13.1015269374,"3":6.7270873731,"4":6.2539243202,"5":18.4775869896,"6":18.1819043697,"7":16.8900985683,"8":18.701089352,"9":10.4959004141,"10":13.6396451668,"11":12.8496884734,"12":12.3089880813,"13":7.4351071093,"14":6.0092370671,"15":19.0176212505,"16":19.6017893318,"17":17.3334798055,"18":17.3072940476,"19":10.3309274321,"20":12.7899941836,"21":13.264530846,"22":12.6300013424,"23":6.3582346897,"24":6.2674483481,"25":17.8169659542,"26":18.2540306153,"27":18.6720862828,"28":18.1718410553,"29":10.9603709959,"30":12.6882320028,"31":12.3656980236,"32":11.6078590226,"33":17.7883620753,"34":17.0172521127,"35":17.4706130271,"36":15.9523418385,"37":17.3417329593,"38":18.9878518165,"39":11.0685845107,"40":12.4244067876,"41":14.0524619074,"42":14.1098288548,"43":18.3904148953,"44":19.4180415599,"45":16.3405334081,"46":17.9295697851,"47":17.8271172342,"48":10.0931366744,"49":9.7633354814,"50":12.5251782086,"51":12.6948986926,"52":13.2806060457,"53":18.2737529669,"54":16.4505631579,"55":18.7846962128,"56":17.1655096324,"57":10.7428921857,"58":9.8246891177,"59":11.4097834734,"60":13.8037181713,"61":12.856165073,"62":11.5216233688,"63":17.9604430274,"64":18.1393531029,"65":18.2659834974,"66":10.539963502,"67":11.8894311948,"68":10.0231069742,"69":9.1533439687,"70":12.9553501817,"71":12.6986444484,"72":14.8666489029,"73":0.9222110709,"74":1.0313048832,"75":2.8441104995,"76":3.1452890966,"77":2.6452964237,"78":12.9728701679,"79":11.5573826605,"80":12.8219823563,"81":14.6950876947,"82":1.3080481657,"83":1.9135513347,"84":3.4672637022,"85":1.2668310773,"86":1.0698049695,"87":1.9687185255,"88":1.3252375416,"89":10.7862545932,"90":0.6314652431,"91":3.7596925015,"92":2.3776935288,"93":1.2394833305,"94":0.5678896703,"95":3.011095651,"96":2.0516780286,"97":2.0962745564,"98":2.0369257793,"99":2.536156192},"region":{"0":0.0,"1":0.0,"2":0.0,"3":4.0,"4":4.0,"5":3.0,"6":3.0,"7":3.0,"8":3.0,"9":1.0,"10":0.0,"11":0.0,"12":0.0,"13":4.0,"14":4.0,"15":3.0,"16":3.0,"17":3.0,"18":3.0,"19":1.0,"20":0.0,"21":0.0,"22":0.0,"23":4.0,"24":4.0,"25":3.0,"26":3.0,"27":3.0,"28":3.0,"29":1.0,"30":0.0,"31":0.0,"32":0.0,"33":3.0,"34":3.0,"35":3.0,"36":3.0,"37":3.0,"38":3.0,"39":1.0,"40":0.0,"41":0.0,"42":0.0,"43":3.0,"44":3.0,"45":3.0,"46":3.0,"47":3.0,"48":1.0,"49":1.0,"50":0.0,"51":0.0,"52":0.0,"53":3.0,"54":3.0,"55":3.0,"56":3.0,"57":1.0,"58":1.0,"59":1.0,"60":0.0,"61":0.0,"62":0.0,"63":3.0,"64":3.0,"65":3.0,"66":1.0,"67":1.0,"68":1.0,"69":1.0,"70":0.0,"71":0.0,"72":0.0,"73":2.0,"74":2.0,"75":2.0,"76":2.0,"77":2.0,"78":1.0,"79":1.0,"80":0.0,"81":0.0,"82":2.0,"83":2.0,"84":2.0,"85":2.0,"86":2.0,"87":2.0,"88":2.0,"89":1.0,"90":2.0,"91":2.0,"92":2.0,"93":2.0,"94":2.0,"95":2.0,"96":2.0,"97":2.0,"98":2.0,"99":2.0}}