{"val":{"0":2.6934328414,"1":0.0998408075,"2":2.6774647884,"3":0.7422605756,"4":1.2640076194,"5":-0.8898812339,"6":1.9857411049,"7":0.2514091753,"8":19.9783852786,"9":19.4514857509,"10":0.9476784456,"11":-1.2419173981,"12":1.0089362739,"13":0.6644839696,"14":0.834237781,"15":1.7885834611,"16":0.6662838983,"17":0.5908321953,"18":18.8180472476,"19":20.2023108235,"20":1.3692657577,"21":0.6418982904,"22":-0.2766070739,"23":1.4248623653,"24":-0.9927623742,"25":0.1607102983,"26":1.1101326726,"27":1.6502336452,"28":0.40584866,"29":0.1751275762,"30":8.2827201714,"31":8.4275758081,"32":7.2604473265,"33":8.6351951755,"34":8.2419267447,"35":7.5507086144,"36":8.7986732221,"37":12.1526532916,"38":9.8906927103,"39":11.6955109122,"40":8.0522606564,"41":9.0870725485,"42":7.1545353105,"43":7.9921303545,"44":8.3504563069,"45":9.7585281094,"46":9.2245072818,"47":12.1764487046,"48":11.4197182647,"49":11.7480279347,"50":8.1784518952,"51":8.676630086,"52":8.2337942734,"53":8.390603961,"54":10.0844220968,"55":8.3445144899,"56":10.2009072318,"57":12.1066431605,"58":12.7627359621,"59":10.7833331063,"60":16.8247395834,"61":19.4336357095,"62":19.1432438193,"63":18.2397789433,"64":19.7651210395,"65":19.7224991857,"66":8.1713087032,"67":11.3021026121,"68":11.9321328941,"69":11.8436719213,"70":17.7315913751,"71":18.4230388934,"72":18.0199305556,"73":18.8281796294,"74":19.3568572105,"75":17.2268659257,"76":17.9188567967,"77":17.6580943156,"78":18.258427151,"79":19.9982827479,"80":19.1690090086,"81":18.2504980409,"82":19.049305361,"83":19.889350563,"84":19.0348164125,"85":17.0891884523,"86":18.5605777907,"87":17.5926523621,"88":19.2523745648,"89":18.9104401167,"90":19.3930943016,"91":19.6249107106,"92":18.5409587776,"93":18.3333683566,"94":19.0996384811,"95":18.8867162324,"96":19.7714418918,"97":18.5658622662,"98":18.9208090232,"99":20.047873798},"region":{"0":1.0,"1":1.0,"2":1.0,"3":1.0,"4":1.0,"5":1.0,"6":1.0,"7":1.0,"8":3.0,"9":3.0,"10":1.0,"11":1.0,"12":1.0,"13":1.0,"14":1.0,"15":1.0,"16":1.0,"17":1.0,"18":3.0,"19":3.0,"20":1.0,"21":1.0,"22":1.0,"23":1.0,"24":1.0,"25":1.0,"26":1.0,"27":1.0,"28":1.0,"29":1.0,"30":2.0,"31":2.0,"32":2.0,"33":2.0,"34":2.0,"35":2.0,"36":2.0,"37":4.0,"38":4.0,"39":4.0,"40":2.0,"41":2.0,"42":2.0,"43":2.0,"44":2.0,"45":2.0,"46":2.0,"47":4.0,"48":4.0,"49":4.0,"50":2.0,"51":2.0,"52":2.0,"53":2.0,"54":2.0,"55":2.0,"56":2.0,"57":4.0,"58":4.0,"59":4.0,"60":0.0,"61":0.0,"62":0.0,"63":0.0,"64":0.0,"65":0.0,"66":2.0,"67":4.0,"68":4.0,"69":4.0,"70":0.0,"71":0.0,"72":0.0,"73":0.0,"74":0.0,"75":0.0,"76":0.0,"77":0.0,"78":0.0,"79":0.0,"80":0.0,"81":0.0,"82":0.0,"83":0.0,"84":0.0,"85":0.0,"86":0.0,"87":0.0,"88":0.0,"89":0.0,"90":0.0,"91":0.0,"92":0.0,"93":0.0,"94":0.0,"95":0.0,"96":0.0,"97":0.0,"98":0.0,"99":0.0}}