{"val":{"0":3.6384609633,"1":5.5251252286,"2":6.0821201828,"3":5.8080504837,"4":5.1406648407,"5":5.4972271596,"6":14.3004738903,"7":17.0194708969,"8":15.010905278,"9":4.9964566761,"10":4.8742390364,"11":5.596527639,"12":3.874261373,"13":3.803087424,"14":5.6126188395,"15":5.8033334913,"16":16.6806696968,"17":14.2097393088,"18":14.6081907903,"19":4.2857816034,"20":6.1954514311,"21":5.5369061106,"22":6.3550144166,"23":2.7792943952,"24":4.1797114858,"25":4.9067999485,"26":16.2165330435,"27":14.5891520759,"28":13.7432478311,"29":3.4497387178,"30":5.3115287044,"31":4.1716847752,"32":4.8241869777,"33":4.4304074155,"34":6.9440980437,"35":6.0250231626,"36":15.2120328872,"37":15.1671907121,"38":16.3899368592,"39":16.4501768101,"40":-1.1571038388,"41":5.6940254127,"42":4.6759093722,"43":3.4909965618,"44":4.707033274,"45":4.1167179631,"46":17.25996959,"47":16.3822112717,"48":14.5544612063,"49":15.3914344491,"50":0.2873392543,"51":1.7573951905,"52":7.0178021591,"53":5.1837647442,"54":5.1528199562,"55":4.5122306574,"56":16.2020558598,"57":16.8494275518,"58":15.9953813703,"59":16.2602003053,"60":1.8444841878,"61":1.451212457,"62":0.4988389446,"63":4.9166178428,"64":5.2753778205,"65":3.2233389405,"66":16.0928181588,"67":16.9922832677,"68":15.6512294437,"69":16.0074065727,"70":-0.0857506141,"71":1.4989950409,"72":19.5757389512,"73":19.6244439634,"74":17.1117734516,"75":16.8937347751,"76":18.88036127,"77":16.7190299931,"78":17.0407498828,"79":16.7975856242,"80":1.1305969564,"81":19.2812659395,"82":19.6950952717,"83":19.4296671328,"84":19.6359480856,"85":20.7144695621,"86":19.8320156375,"87":18.952967832,"88":15.5732819941,"89":16.40716055,"90":19.3471617929,"91":17.6619856957,"92":19.4108153319,"93":18.6830806709,"94":20.4597846511,"95":18.0255951203,"96":19.2147543693,"97":18.2350784938,"98":18.0023014806,"99":17.8129383716},"region":{"0":0.0,"1":0.0,"2":0.0,"3":0.0,"4":0.0,"5":0.0,"6":3.0,"7":3.0,"8":3.0,"9":4.0,"10":0.0,"11":0.0,"12":0.0,"13":0.0,"14":0.0,"15":0.0,"16":3.0,"17":3.0,"18":3.0,"19":4.0,"20":0.0,"21":0.0,"22":0.0,"23":0.0,"24":0.0,"25":0.0,"26":3.0,"27":3.0,"28":3.0,"29":4.0,"30":0.0,"31":0.0,"32":0.0,"33":0.0,"34":0.0,"35":0.0,"36":3.0,"37":3.0,"38":3.0,"39":3.0,"40":2.0,"41":0.0,"42":0.0,"43":0.0,"44":0.0,"45":0.0,"46":3.0,"47":3.0,"48":3.0,"49":3.0,"50":2.0,"51":2.0,"52":0.0,"53":0.0,"54":0.0,"55":0.0,"56":3.0,"57":3.0,"58":3.0,"59":3.0,"60":2.0,"61":2.0,"62":2.0,"63":0.0,"64":0.0,"65":0.0,"66":3.0,"67":3.0,"68":3.0,"69":3.0,"70":2.0,"71":2.0,"72":1.0,"73":1.0,"74":1.0,"75":1.0,"76":1.0,"77":3.0,"78":3.0,"79":3.0,"80":2.0,"81":1.0,"82":1.0,"83":1.0,"84":1.0,"85":1.0,"86":1.0,"87":1.0,"88":3.0,"89":3.0,"90":1.0,"91":1.0,"92":1.0,"93":1.0,"94":1.0,"95":1.0,"96":1.0,"97":1.0,"98":1.0,"99":1.0}}