,size,k,n_centers,delta,n,sct_method,W,cutoff,h_tot,baseline_h_tot,true_h_tot,precision,recall,F1 score,baseline_precision,baseline_recall,baseline_F1 score,proved_exact,times,baseline_times
0,10,5,5,3,20,full_order_CL,5,60,"[77.21269352, 96.0382216, 70.19177702, 56.77285186, 105.03411726, 121.75165548, 93.11101461, 88.68502181, 93.34727869, 98.71145461, 83.71970498, 78.43195574, 107.73280254, 72.21082031, 88.62622693, 70.73921759, 126.08076977, 83.02852205, 77.46301811, 113.56961421]","[77.21269353042288, 112.08244289533653, 70.19177703203772, 56.772851877018155, 105.03411726194967, 126.69514285081584, 93.11101461811127, 92.53431934876576, 93.34727869370789, 98.71145462290515, 85.2182915478942, 78.43195575738159, 112.55068192947564, 72.21082031987956, 88.62622693534217, 70.73921759710693, 126.08076978200825, 394.1849052117407, 77.4630181034191, 113.56961422100474]","[77.21269353042287, 93.33186169604701, 70.19177703203775, 62.99406641613273, 107.20762740714915, 124.06344936951913, 93.11101461811128, 93.03890014116993, 93.34727869370786, 98.71145462290515, 86.37108025176593, 78.43195575738159, 107.73280255234071, 72.21082031987956, 88.62622693534219, 70.73921759710693, 126.0807697820082, 84.28307069390789, 77.4630181034191, 113.56961422100474]",0.9880218345628341,0.9885941070015797,0.9882891099430265,0.9446892824683417,0.9622972259958056,0.9516038971998958,"['proved', 'proved', 'proved', 'proved', 'proved', 'proved', 'proved', 'proved', 'proved', 'proved', 'proved', 'proved', 'proved', 'proved', 'proved', 'proved', 'proved', 'proved', 'proved', 'proved']","[34.785521030426025, 33.66552758216858, 26.07774257659912, 34.06183099746704, 33.69978165626526, 35.42520499229431, 33.976858139038086, 32.823161363601685, 18.666900157928467, 35.27389478683472, 29.577109813690186, 12.726114273071289, 34.29132056236267, 29.31103777885437, 37.15423369407654, 37.63979625701904, 43.02044749259949, 1.233814001083374, 35.07523727416992, 34.67767143249512]","[1.5014967918395996, 1.7357635498046875, 1.6033878326416016, 1.5963308811187744, 1.6003191471099854, 1.4944210052490234, 1.6521878242492676, 1.4846596717834473, 1.6696250438690186, 1.5908656120300293, 1.7046921253204346, 1.6144757270812988, 1.6703534126281738, 1.6890838146209717, 1.765331745147705, 1.5780229568481445, 1.5127778053283691, 1.8618690967559814, 1.6114723682403564, 1.5257327556610107]"
