{"val":{"0":16.1491343312,"1":13.4966424417,"2":14.087541475,"3":14.735400887,"4":2.116100135,"5":11.3370789213,"6":6.3106047727,"7":11.5775868237,"8":14.9163657885,"9":15.8950529634,"10":14.4730830009,"11":10.3809765157,"12":11.4519874603,"13":8.76264809,"14":1.8741317392,"15":1.4977591181,"16":10.6734745109,"17":15.5722812029,"18":15.5219355324,"19":11.4711425103,"20":11.3022086879,"21":15.9675952139,"22":14.0313286569,"23":7.9952056438,"24":7.0040277489,"25":16.488735118,"26":15.259159513,"27":16.2506879781,"28":15.6950891796,"29":15.9525239386,"30":12.268702659,"31":14.2989261745,"32":15.2839025668,"33":7.6448023995,"34":14.8752578969,"35":15.1509946687,"36":16.0575657587,"37":8.456862593,"38":14.9160119359,"39":14.7519111742,"40":18.599906376,"41":17.580741019,"42":18.7392030026,"43":16.5121160518,"44":15.4290510212,"45":15.2238647859,"46":16.4308290643,"47":15.0807688677,"48":14.5598866307,"49":14.7322927288,"50":17.8796701379,"51":18.2468920557,"52":16.9103696913,"53":16.9132387711,"54":3.3487501579,"55":2.5868466147,"56":17.2575212174,"57":8.7552228777,"58":2.3884198147,"59":0.4497801547,"60":17.5884785435,"61":17.8614825751,"62":18.9939460912,"63":18.6033967385,"64":16.9763725866,"65":18.3418145703,"66":18.2080622691,"67":9.8887698257,"68":7.0414733655,"69":6.5543566518,"70":12.9900649332,"71":17.2242956356,"72":18.3410050634,"73":18.3220975405,"74":17.7731083027,"75":17.8515980535,"76":17.8406758342,"77":16.9067289605,"78":10.8619133441,"79":17.9653868475,"80":11.0576166255,"81":2.0829659047,"82":17.6785580288,"83":17.222971814,"84":19.1950450695,"85":18.0029518003,"86":15.4086948587,"87":16.8875901765,"88":10.2015348825,"89":2.289106204,"90":11.2635228135,"91":1.7102169671,"92":17.0009221163,"93":16.508658352,"94":16.1844241512,"95":19.0287470373,"96":19.0174182845,"97":17.793552202,"98":9.9907077514,"99":1.6650224586},"region":{"0":4.0,"1":4.0,"2":4.0,"3":4.0,"4":2.0,"5":0.0,"6":3.0,"7":0.0,"8":4.0,"9":4.0,"10":4.0,"11":0.0,"12":0.0,"13":3.0,"14":2.0,"15":2.0,"16":0.0,"17":4.0,"18":4.0,"19":0.0,"20":0.0,"21":4.0,"22":4.0,"23":3.0,"24":3.0,"25":4.0,"26":4.0,"27":4.0,"28":4.0,"29":4.0,"30":0.0,"31":4.0,"32":4.0,"33":3.0,"34":4.0,"35":4.0,"36":4.0,"37":3.0,"38":4.0,"39":4.0,"40":1.0,"41":1.0,"42":1.0,"43":1.0,"44":4.0,"45":4.0,"46":4.0,"47":4.0,"48":4.0,"49":4.0,"50":1.0,"51":1.0,"52":1.0,"53":1.0,"54":2.0,"55":2.0,"56":1.0,"57":3.0,"58":2.0,"59":2.0,"60":1.0,"61":1.0,"62":1.0,"63":1.0,"64":1.0,"65":1.0,"66":1.0,"67":3.0,"68":3.0,"69":3.0,"70":0.0,"71":1.0,"72":1.0,"73":1.0,"74":1.0,"75":1.0,"76":1.0,"77":1.0,"78":0.0,"79":1.0,"80":0.0,"81":2.0,"82":1.0,"83":1.0,"84":1.0,"85":1.0,"86":1.0,"87":1.0,"88":0.0,"89":2.0,"90":0.0,"91":2.0,"92":1.0,"93":1.0,"94":1.0,"95":1.0,"96":1.0,"97":1.0,"98":0.0,"99":2.0}}