{"val":{"0":10.120894643,"1":11.3870865874,"2":8.9924408303,"3":13.8591379644,"4":13.9046596457,"5":15.6690231666,"6":-0.5541229685,"7":4.8439709705,"8":7.239506149,"9":6.2163757819,"10":10.0837628764,"11":9.5554348322,"12":8.1249570658,"13":11.1320190591,"14":13.4911806752,"15":12.8535897042,"16":0.303431935,"17":1.8615917808,"18":15.5082030528,"19":14.7331252088,"20":9.0622215104,"21":10.8086788962,"22":11.6287203739,"23":9.6793573225,"24":10.5379206424,"25":12.6783914048,"26":13.2546826457,"27":14.6592990645,"28":15.1081714446,"29":15.6606841097,"30":7.8337276737,"31":9.5553311977,"32":12.7630349268,"33":12.9062300736,"34":10.2247772983,"35":9.3168274001,"36":12.4149206563,"37":12.8766970947,"38":14.1667270669,"39":13.6012700356,"40":12.3064345993,"41":13.2091118949,"42":13.6686725082,"43":14.2279589865,"44":9.9259767497,"45":9.299507492,"46":10.2567791891,"47":13.191858773,"48":14.5121176349,"49":12.8534381465,"50":13.93996569,"51":5.3242046325,"52":5.3739425124,"53":14.6489111952,"54":9.1023766509,"55":8.24812015,"56":9.3248474247,"57":7.7724113179,"58":1.2253583611,"59":1.5554126719,"60":1.187541557,"61":13.0916099358,"62":5.6310436704,"63":14.1705897106,"64":9.0313342471,"65":9.6679191081,"66":10.0207847298,"67":9.3440829597,"68":3.075790351,"69":14.796346633,"70":5.748664609,"71":0.0376902245,"72":4.936570363,"73":12.3528053646,"74":10.1743613457,"75":8.7217350424,"76":13.228967672,"77":13.3200088149,"78":4.9558726972,"79":0.7525857103,"80":9.4023008669,"81":10.295501622,"82":10.3278134978,"83":10.4396119967,"84":11.0085172421,"85":9.457700586,"86":11.0114886639,"87":9.4551749338,"88":6.762155848,"89":6.1908959227,"90":8.6612611846,"91":10.6719979665,"92":9.7136298644,"93":9.0548963124,"94":9.4186367022,"95":10.580811172,"96":10.5964943132,"97":8.8292827029,"98":13.6370572851,"99":12.2496531339},"region":{"0":2.0,"1":2.0,"2":2.0,"3":4.0,"4":4.0,"5":4.0,"6":3.0,"7":0.0,"8":0.0,"9":0.0,"10":2.0,"11":2.0,"12":2.0,"13":2.0,"14":4.0,"15":4.0,"16":3.0,"17":3.0,"18":4.0,"19":4.0,"20":2.0,"21":2.0,"22":2.0,"23":2.0,"24":2.0,"25":4.0,"26":4.0,"27":4.0,"28":4.0,"29":4.0,"30":2.0,"31":2.0,"32":1.0,"33":1.0,"34":2.0,"35":2.0,"36":4.0,"37":4.0,"38":4.0,"39":4.0,"40":1.0,"41":1.0,"42":1.0,"43":1.0,"44":2.0,"45":2.0,"46":2.0,"47":4.0,"48":4.0,"49":4.0,"50":1.0,"51":0.0,"52":0.0,"53":1.0,"54":2.0,"55":2.0,"56":2.0,"57":2.0,"58":3.0,"59":3.0,"60":3.0,"61":1.0,"62":0.0,"63":1.0,"64":2.0,"65":2.0,"66":2.0,"67":2.0,"68":3.0,"69":1.0,"70":0.0,"71":3.0,"72":0.0,"73":1.0,"74":2.0,"75":2.0,"76":1.0,"77":1.0,"78":0.0,"79":3.0,"80":2.0,"81":2.0,"82":2.0,"83":2.0,"84":2.0,"85":2.0,"86":2.0,"87":2.0,"88":0.0,"89":0.0,"90":2.0,"91":2.0,"92":2.0,"93":2.0,"94":2.0,"95":2.0,"96":2.0,"97":2.0,"98":4.0,"99":4.0}}