{"val":{"0":6.1187830984,"1":8.11654776,"2":7.1229474063,"3":6.7535079146,"4":3.353154931,"5":12.8132469484,"6":5.1098444894,"7":13.635398951,"8":-0.0654275546,"9":3.5822966057,"10":8.9709977933,"11":5.7969562906,"12":9.8987450599,"13":6.8345558076,"14":3.8751145109,"15":11.2158691864,"16":12.3093152307,"17":2.9586521116,"18":2.917848254,"19":2.3658286377,"20":18.1136978845,"21":19.4765937516,"22":3.8558187431,"23":2.7900592398,"24":10.4600350168,"25":11.947137826,"26":4.5142756452,"27":1.4901688523,"28":3.129321113,"29":2.6068900237,"30":17.3280934599,"31":19.2709389377,"32":18.0555029696,"33":17.2781121702,"34":19.2018834601,"35":8.0078317591,"36":3.0091197235,"37":1.8431163624,"38":3.4394452204,"39":3.6356785649,"40":14.5626860974,"41":14.2791269822,"42":16.2359357067,"43":14.8561104639,"44":7.6714774567,"45":7.7008506926,"46":8.1833743737,"47":7.8970756341,"48":12.2219975144,"49":12.5017109275,"50":15.4288072509,"51":18.8529105171,"52":17.5754367248,"53":15.0504080287,"54":15.1675750628,"55":8.417890515,"56":6.7097614477,"57":6.7287162616,"58":14.941515089,"59":12.4066537579,"60":9.900354133,"61":8.835495092,"62":8.1278401218,"63":7.9450014357,"64":5.9133414633,"65":5.9644318052,"66":9.0603952872,"67":7.3167312142,"68":11.5363950474,"69":13.0744232779,"70":16.7916066596,"71":6.7536994033,"72":5.8117043792,"73":6.4213706914,"74":19.2363620087,"75":8.9911199824,"76":8.2532934851,"77":8.0880122021,"78":15.4699677355,"79":16.0798772077,"80":7.6098721355,"81":8.5368893477,"82":7.7164610687,"83":7.1037440293,"84":5.6679060009,"85":7.0012884372,"86":7.9899002735,"87":8.358227942,"88":15.8936375119,"89":1.3029198833,"90":14.0248841571,"91":7.3071383706,"92":8.1025225976,"93":8.7447291291,"94":5.9646348457,"95":9.2002423783,"96":7.2835724808,"97":7.6950685947,"98":16.1326048986,"99":3.9401468953},"region":{"0":2.0,"1":2.0,"2":2.0,"3":2.0,"4":1.0,"5":4.0,"6":1.0,"7":4.0,"8":1.0,"9":1.0,"10":2.0,"11":2.0,"12":2.0,"13":2.0,"14":1.0,"15":4.0,"16":4.0,"17":1.0,"18":1.0,"19":1.0,"20":3.0,"21":3.0,"22":1.0,"23":1.0,"24":2.0,"25":4.0,"26":1.0,"27":1.0,"28":1.0,"29":1.0,"30":3.0,"31":3.0,"32":3.0,"33":3.0,"34":3.0,"35":2.0,"36":1.0,"37":1.0,"38":1.0,"39":1.0,"40":0.0,"41":0.0,"42":3.0,"43":0.0,"44":2.0,"45":2.0,"46":2.0,"47":2.0,"48":4.0,"49":4.0,"50":0.0,"51":3.0,"52":3.0,"53":0.0,"54":0.0,"55":2.0,"56":2.0,"57":2.0,"58":0.0,"59":4.0,"60":2.0,"61":2.0,"62":2.0,"63":2.0,"64":2.0,"65":2.0,"66":2.0,"67":2.0,"68":4.0,"69":4.0,"70":3.0,"71":2.0,"72":2.0,"73":2.0,"74":3.0,"75":2.0,"76":2.0,"77":2.0,"78":0.0,"79":0.0,"80":2.0,"81":2.0,"82":2.0,"83":2.0,"84":2.0,"85":2.0,"86":2.0,"87":2.0,"88":0.0,"89":1.0,"90":0.0,"91":2.0,"92":2.0,"93":2.0,"94":2.0,"95":2.0,"96":2.0,"97":2.0,"98":0.0,"99":1.0}}