{"val":{"0":0.7350925366,"1":0.7518402244,"2":8.1928103298,"3":2.4195901159,"4":17.5202093004,"5":18.9295163928,"6":16.5319201717,"7":18.4461035532,"8":0.8459273259,"9":0.3679780516,"10":3.9014414181,"11":5.3386521013,"12":3.8976510916,"13":3.8448815368,"14":0.3496838351,"15":19.3677309261,"16":1.1006301296,"17":17.9680076668,"18":3.6803971916,"19":5.1996708965,"20":9.2149417396,"21":5.1286604366,"22":7.2652599246,"23":3.5539162234,"24":19.6212452387,"25":18.7470822133,"26":2.0611054047,"27":1.485551712,"28":3.569092588,"29":3.8998826002,"30":17.4922642719,"31":9.4422484185,"32":4.2411413419,"33":9.3256275649,"34":-0.7724373902,"35":8.4984106829,"36":4.2525493339,"37":4.2700428159,"38":2.2771638616,"39":16.9994939141,"40":18.835697563,"41":0.3053214291,"42":9.6339775595,"43":7.021578694,"44":1.304132975,"45":2.0091478294,"46":7.5154452096,"47":2.2573259225,"48":0.2337344545,"49":0.3901895313,"50":19.6477941644,"51":5.3769182332,"52":2.1034227822,"53":8.8012555657,"54":4.8603421307,"55":4.0560661048,"56":4.6838619226,"57":4.2491015048,"58":4.7514180629,"59":3.2737075576,"60":19.6415713966,"61":4.937026864,"62":6.6847876223,"63":7.5548495285,"64":7.7131423012,"65":3.4673254445,"66":8.7040668722,"67":4.8549377025,"68":4.7166244029,"69":2.8411280553,"70":9.0791638406,"71":8.6506205552,"72":7.2602226412,"73":8.1779574721,"74":7.5259607985,"75":7.6718043936,"76":10.2220204951,"77":4.8060805409,"78":1.2920064263,"79":20.4980514826,"80":6.81656638,"81":8.6779771078,"82":7.1516381117,"83":8.9340661098,"84":8.8610094833,"85":6.4074795436,"86":6.1863220733,"87":18.7707895068,"88":0.9318963763,"89":18.8865578773,"90":8.3691398292,"91":7.938691747,"92":7.3353146386,"93":7.0413658163,"94":7.9407064097,"95":8.3223622825,"96":6.3174476915,"97":16.516979812,"98":5.3347306183,"99":17.8217636215},"region":{"0":2.0,"1":2.0,"2":0.0,"3":3.0,"4":4.0,"5":4.0,"6":4.0,"7":4.0,"8":2.0,"9":2.0,"10":3.0,"11":3.0,"12":3.0,"13":3.0,"14":2.0,"15":4.0,"16":2.0,"17":4.0,"18":3.0,"19":3.0,"20":0.0,"21":3.0,"22":0.0,"23":3.0,"24":4.0,"25":4.0,"26":2.0,"27":2.0,"28":3.0,"29":3.0,"30":1.0,"31":0.0,"32":3.0,"33":0.0,"34":2.0,"35":0.0,"36":3.0,"37":3.0,"38":2.0,"39":4.0,"40":1.0,"41":2.0,"42":0.0,"43":0.0,"44":2.0,"45":2.0,"46":0.0,"47":3.0,"48":2.0,"49":2.0,"50":1.0,"51":3.0,"52":3.0,"53":0.0,"54":3.0,"55":3.0,"56":3.0,"57":3.0,"58":3.0,"59":3.0,"60":1.0,"61":3.0,"62":0.0,"63":0.0,"64":0.0,"65":3.0,"66":0.0,"67":3.0,"68":3.0,"69":3.0,"70":0.0,"71":0.0,"72":0.0,"73":0.0,"74":0.0,"75":0.0,"76":0.0,"77":3.0,"78":2.0,"79":1.0,"80":0.0,"81":0.0,"82":0.0,"83":0.0,"84":0.0,"85":0.0,"86":0.0,"87":4.0,"88":2.0,"89":1.0,"90":0.0,"91":0.0,"92":0.0,"93":0.0,"94":0.0,"95":0.0,"96":0.0,"97":4.0,"98":3.0,"99":1.0}}