{"val":{"0":6.6053451383,"1":8.1966121386,"2":12.9855176083,"3":14.1708251165,"4":4.2392892341,"5":17.4956352114,"6":4.5872088198,"7":18.5510032303,"8":5.3106525318,"9":18.7815050359,"10":9.8074541929,"11":7.1215833249,"12":17.6950938239,"13":14.6118624578,"14":6.3961672271,"15":4.5609855694,"16":16.8763637511,"17":18.9058367894,"18":4.336970722,"19":4.5777206836,"20":7.6836455735,"21":7.890410987,"22":7.7141253281,"23":9.35869161,"24":4.9764616328,"25":19.1881639308,"26":5.1279606905,"27":18.6542622542,"28":2.9703170574,"29":17.5558748155,"30":9.0627176387,"31":7.2868208821,"32":9.0058649446,"33":8.7766793877,"34":6.5283645818,"35":4.3189750967,"36":6.0527294265,"37":5.2636564258,"38":4.085075224,"39":3.241905284,"40":5.8392207757,"41":8.7305394786,"42":14.4440934399,"43":15.050728828,"44":2.5223629072,"45":18.4970768856,"46":12.643233719,"47":11.3131480525,"48":7.3262398644,"49":8.3977078498,"50":6.2238530468,"51":7.6178755106,"52":15.1850831252,"53":13.1116217939,"54":4.7601938448,"55":5.7762511683,"56":12.8649510525,"57":12.6353206149,"58":7.4113195389,"59":7.5702947261,"60":8.6197998625,"61":7.3214564349,"62":9.9614722157,"63":9.2056088898,"64":4.555319693,"65":18.8403732884,"66":5.4038579363,"67":17.4771465508,"68":13.1684491271,"69":13.9239392086,"70":11.188816306,"71":8.6743000039,"72":10.0053620707,"73":9.1418529938,"74":4.4847011694,"75":5.7846484071,"76":18.4298585001,"77":18.3898413315,"78":17.7083522242,"79":11.9295237603,"80":8.1659546332,"81":7.4879737094,"82":13.5960892507,"83":14.4571540618,"84":5.4750675759,"85":17.8988005631,"86":4.5734372826,"87":17.0020933757,"88":4.3161092576,"89":19.6064094062,"90":7.8912504807,"91":9.2799916394,"92":15.9655576898,"93":12.4412759465,"94":5.4442707781,"95":5.1257600682,"96":18.9206478951,"97":17.604846475,"98":5.1695385869,"99":4.2137476247},"region":{"0":1.0,"1":1.0,"2":4.0,"3":4.0,"4":0.0,"5":2.0,"6":0.0,"7":2.0,"8":0.0,"9":2.0,"10":1.0,"11":1.0,"12":2.0,"13":4.0,"14":0.0,"15":0.0,"16":2.0,"17":2.0,"18":0.0,"19":0.0,"20":1.0,"21":1.0,"22":1.0,"23":1.0,"24":0.0,"25":2.0,"26":0.0,"27":2.0,"28":0.0,"29":2.0,"30":1.0,"31":1.0,"32":1.0,"33":1.0,"34":0.0,"35":0.0,"36":0.0,"37":0.0,"38":0.0,"39":0.0,"40":1.0,"41":1.0,"42":4.0,"43":4.0,"44":0.0,"45":2.0,"46":3.0,"47":3.0,"48":1.0,"49":1.0,"50":1.0,"51":1.0,"52":4.0,"53":4.0,"54":0.0,"55":0.0,"56":3.0,"57":3.0,"58":1.0,"59":1.0,"60":1.0,"61":1.0,"62":1.0,"63":1.0,"64":0.0,"65":2.0,"66":0.0,"67":2.0,"68":4.0,"69":4.0,"70":1.0,"71":1.0,"72":1.0,"73":1.0,"74":0.0,"75":0.0,"76":2.0,"77":2.0,"78":2.0,"79":4.0,"80":1.0,"81":1.0,"82":4.0,"83":4.0,"84":0.0,"85":2.0,"86":0.0,"87":2.0,"88":0.0,"89":2.0,"90":1.0,"91":1.0,"92":4.0,"93":4.0,"94":0.0,"95":0.0,"96":2.0,"97":2.0,"98":0.0,"99":0.0}}