{"val":{"0":10.4875270206,"1":17.9835239231,"2":7.5967566357,"3":12.6667582536,"4":12.0843882085,"5":19.033877305,"6":7.6953932046,"7":10.9540286166,"8":8.1734572226,"9":18.5061406102,"10":14.05312798,"11":8.1390439179,"12":12.7175636382,"13":6.8670380449,"14":16.9809917623,"15":18.7504498394,"16":17.4886234456,"17":17.8955263744,"18":8.9412817036,"19":7.8257948899,"20":13.4618391446,"21":13.7543437227,"22":14.3316952267,"23":11.8693940519,"24":7.9790267709,"25":19.6941990037,"26":8.2900236508,"27":19.0856513558,"28":8.1973223746,"29":19.4546355032,"30":12.4756687546,"31":19.6129004496,"32":6.4979321899,"33":7.7568929478,"34":18.4399298252,"35":17.4671282946,"36":9.1075909595,"37":7.0542237289,"38":18.2537818048,"39":17.7652899176,"40":12.2778105072,"41":20.5132732863,"42":9.4849400636,"43":14.8492775211,"44":8.6541466319,"45":18.7552406079,"46":7.4897615872,"47":10.4463294377,"48":9.6210757632,"49":16.7692306758,"50":10.4573417045,"51":19.0044855715,"52":12.0518980496,"53":6.7762500335,"54":8.4204876525,"55":5.1252517803,"56":10.8131444848,"57":6.4967368862,"58":7.7942925394,"59":8.6287254741,"60":12.1747632224,"61":18.8095675964,"62":9.4735088156,"63":11.4370577527,"64":12.5455289955,"65":12.0006596287,"66":13.9063001566,"67":12.6111639621,"68":13.6489624897,"69":2.9779718048,"70":19.2031679399,"71":11.2389894195,"72":12.4340811696,"73":11.8658817459,"74":11.3811964138,"75":12.4123347094,"76":11.0409393953,"77":11.5082027156,"78":11.484718355,"79":4.2567708203,"80":4.1007148806,"81":11.1799011522,"82":10.7459681358,"83":12.0528560785,"84":11.7336882107,"85":12.8366548818,"86":11.8425383187,"87":11.1637506437,"88":13.2305436353,"89":5.081827971,"90":19.1834003643,"91":11.811105212,"92":13.8639125865,"93":11.8589490277,"94":13.1148551618,"95":12.747605871,"96":12.3501522408,"97":12.9526686853,"98":12.7573637097,"99":5.282636182},"region":{"0":2.0,"1":4.0,"2":0.0,"3":2.0,"4":2.0,"5":4.0,"6":0.0,"7":2.0,"8":0.0,"9":4.0,"10":2.0,"11":0.0,"12":2.0,"13":0.0,"14":4.0,"15":4.0,"16":4.0,"17":4.0,"18":0.0,"19":0.0,"20":2.0,"21":2.0,"22":2.0,"23":2.0,"24":0.0,"25":4.0,"26":0.0,"27":4.0,"28":0.0,"29":4.0,"30":2.0,"31":3.0,"32":0.0,"33":0.0,"34":4.0,"35":4.0,"36":0.0,"37":0.0,"38":4.0,"39":4.0,"40":2.0,"41":3.0,"42":0.0,"43":2.0,"44":0.0,"45":4.0,"46":0.0,"47":2.0,"48":0.0,"49":4.0,"50":2.0,"51":3.0,"52":2.0,"53":0.0,"54":0.0,"55":0.0,"56":2.0,"57":0.0,"58":0.0,"59":0.0,"60":2.0,"61":3.0,"62":2.0,"63":2.0,"64":2.0,"65":2.0,"66":2.0,"67":2.0,"68":2.0,"69":1.0,"70":3.0,"71":2.0,"72":2.0,"73":2.0,"74":2.0,"75":2.0,"76":2.0,"77":2.0,"78":2.0,"79":1.0,"80":1.0,"81":2.0,"82":2.0,"83":2.0,"84":2.0,"85":2.0,"86":2.0,"87":2.0,"88":2.0,"89":1.0,"90":3.0,"91":2.0,"92":2.0,"93":2.0,"94":2.0,"95":2.0,"96":2.0,"97":2.0,"98":2.0,"99":1.0}}