{"val":{"0":11.4411021924,"1":16.6632900073,"2":14.0750547957,"3":14.3985293773,"4":5.9317715151,"5":9.7591588643,"6":9.2742030294,"7":7.9429602002,"8":8.6477016072,"9":16.68873576,"10":7.4194703349,"11":7.8063570329,"12":12.3615305001,"13":13.2707213905,"14":9.8311801846,"15":8.3908020605,"16":11.3655977208,"17":9.8015334675,"18":8.9745136482,"19":8.2237163934,"20":5.8705648058,"21":6.9956089252,"22":4.9900927693,"23":7.0081345779,"24":7.8181366339,"25":11.0567184827,"26":12.8360772232,"27":12.8370687874,"28":12.3474891722,"29":13.4959769218,"30":5.4153424282,"31":6.3954436969,"32":6.9091174342,"33":5.2686244586,"34":5.9559237211,"35":13.493839484,"36":12.2943677171,"37":12.1079449205,"38":13.7549584318,"39":13.2080987393,"40":5.4986789775,"41":4.6136077705,"42":6.4491418591,"43":4.2639982817,"44":6.181690376,"45":3.4297375592,"46":12.8379644314,"47":11.9123861913,"48":8.125884391,"49":9.8944040991,"50":5.50335609,"51":2.693171769,"52":3.9429993423,"53":16.5538973146,"54":19.6049060841,"55":3.9735420544,"56":11.7843649446,"57":13.495486599,"58":6.9912960347,"59":9.6421625759,"60":8.2978711673,"61":3.395384429,"62":15.8533752009,"63":16.3541567407,"64":16.5250842483,"65":7.3482731217,"66":5.3400748039,"67":7.3145941814,"68":5.1448515066,"69":2.7283774462,"70":7.5663835031,"71":15.9552154538,"72":17.4112953115,"73":17.8761018202,"74":17.6503892552,"75":6.1003310627,"76":6.2086366501,"77":6.8186023812,"78":4.5336956931,"79":17.0027807597,"80":7.1487848485,"81":16.7762158757,"82":17.8097311376,"83":4.3976372241,"84":16.3936898569,"85":3.0242130537,"86":5.452637893,"87":6.2500181011,"88":6.2733389687,"89":16.5649817702,"90":18.3624303026,"91":7.0607041432,"92":5.3903880835,"93":5.2382312492,"94":6.6841069704,"95":5.9596220829,"96":5.2843915043,"97":7.0408373906,"98":6.061464285,"99":9.2009044275},"region":{"0":1.0,"1":3.0,"2":2.0,"3":2.0,"4":1.0,"5":1.0,"6":1.0,"7":1.0,"8":1.0,"9":3.0,"10":4.0,"11":4.0,"12":2.0,"13":2.0,"14":1.0,"15":1.0,"16":1.0,"17":1.0,"18":1.0,"19":1.0,"20":4.0,"21":4.0,"22":4.0,"23":4.0,"24":4.0,"25":2.0,"26":2.0,"27":2.0,"28":2.0,"29":2.0,"30":4.0,"31":4.0,"32":4.0,"33":4.0,"34":4.0,"35":2.0,"36":2.0,"37":2.0,"38":2.0,"39":2.0,"40":4.0,"41":0.0,"42":4.0,"43":4.0,"44":4.0,"45":0.0,"46":2.0,"47":2.0,"48":1.0,"49":1.0,"50":4.0,"51":0.0,"52":0.0,"53":3.0,"54":3.0,"55":4.0,"56":2.0,"57":2.0,"58":1.0,"59":1.0,"60":4.0,"61":0.0,"62":3.0,"63":3.0,"64":3.0,"65":4.0,"66":4.0,"67":4.0,"68":4.0,"69":0.0,"70":4.0,"71":3.0,"72":3.0,"73":3.0,"74":3.0,"75":4.0,"76":4.0,"77":4.0,"78":4.0,"79":3.0,"80":4.0,"81":3.0,"82":3.0,"83":0.0,"84":3.0,"85":0.0,"86":4.0,"87":4.0,"88":4.0,"89":3.0,"90":3.0,"91":4.0,"92":4.0,"93":4.0,"94":4.0,"95":4.0,"96":4.0,"97":4.0,"98":4.0,"99":1.0}}