{"val":{"0":9.0900114603,"1":4.9090328451,"2":2.8672313286,"3":13.5292062197,"4":4.7955023537,"5":6.9778047848,"6":12.3521344899,"7":2.0091631197,"8":5.2074972542,"9":7.2548031584,"10":8.6490490308,"11":8.6302999051,"12":3.6144048542,"13":12.3249236262,"14":12.9760118241,"15":11.9713815151,"16":1.3572153254,"17":4.4452527872,"18":2.7253173788,"19":2.853133846,"20":7.2675926055,"21":10.4292646863,"22":4.6263147472,"23":11.4600655231,"24":13.3717930941,"25":12.6122276871,"26":3.8933844414,"27":2.4235819843,"28":3.6961943164,"29":2.5008251879,"30":8.3374717218,"31":1.6635514369,"32":11.6399597949,"33":10.5996215084,"34":12.48138992,"35":13.078300864,"36":13.4498772063,"37":12.0475513639,"38":10.7201856912,"39":11.6382443422,"40":10.8624021219,"41":2.1615009717,"42":11.5068999516,"43":13.6881258722,"44":12.397408118,"45":11.5692425061,"46":10.5078021556,"47":12.5879772332,"48":11.83184682,"49":12.2615839953,"50":9.1123175355,"51":2.542122185,"52":3.5148735668,"53":11.8040442573,"54":13.3674537213,"55":10.6654978848,"56":8.1570544278,"57":11.6281907164,"58":12.6640013411,"59":12.5457522332,"60":6.813419034,"61":3.0576286475,"62":3.1499032907,"63":11.8075063541,"64":13.037268347,"65":11.1206869735,"66":8.5185669334,"67":12.1751761477,"68":13.633813731,"69":11.6585764242,"70":9.0400213667,"71":2.7394367533,"72":12.0510435024,"73":9.2382436476,"74":6.1732790344,"75":6.3152506134,"76":12.3769318063,"77":2.8597657329,"78":1.7204740367,"79":4.5734501935,"80":8.1762146045,"81":2.839014969,"82":9.7586035696,"83":6.6164920623,"84":4.8362149865,"85":8.1025560228,"86":12.425894072,"87":2.1092627471,"88":1.8331448328,"89":2.2414144371,"90":8.5721132752,"91":3.234558884,"92":6.7370375941,"93":6.7178865365,"94":9.8951367277,"95":6.4752670866,"96":2.3351620066,"97":3.6455213324,"98":3.3072866921,"99":8.3461633931},"region":{"0":1.0,"1":4.0,"2":2.0,"3":0.0,"4":4.0,"5":4.0,"6":0.0,"7":2.0,"8":4.0,"9":4.0,"10":1.0,"11":1.0,"12":2.0,"13":0.0,"14":0.0,"15":0.0,"16":2.0,"17":2.0,"18":2.0,"19":2.0,"20":1.0,"21":1.0,"22":2.0,"23":0.0,"24":0.0,"25":0.0,"26":2.0,"27":2.0,"28":2.0,"29":2.0,"30":1.0,"31":2.0,"32":0.0,"33":0.0,"34":0.0,"35":0.0,"36":0.0,"37":0.0,"38":0.0,"39":0.0,"40":1.0,"41":2.0,"42":0.0,"43":0.0,"44":0.0,"45":0.0,"46":0.0,"47":0.0,"48":0.0,"49":0.0,"50":1.0,"51":2.0,"52":2.0,"53":0.0,"54":0.0,"55":0.0,"56":3.0,"57":0.0,"58":0.0,"59":0.0,"60":1.0,"61":2.0,"62":2.0,"63":0.0,"64":0.0,"65":0.0,"66":3.0,"67":0.0,"68":0.0,"69":0.0,"70":1.0,"71":2.0,"72":0.0,"73":3.0,"74":3.0,"75":3.0,"76":0.0,"77":2.0,"78":2.0,"79":2.0,"80":1.0,"81":2.0,"82":0.0,"83":3.0,"84":3.0,"85":3.0,"86":0.0,"87":2.0,"88":2.0,"89":2.0,"90":1.0,"91":2.0,"92":3.0,"93":3.0,"94":3.0,"95":3.0,"96":2.0,"97":2.0,"98":2.0,"99":1.0}}