{"val":{"0":0.6840717373,"1":2.1867047838,"2":16.0327818541,"3":17.7932644167,"4":0.9026291826,"5":9.948743764,"6":13.5962881852,"7":13.5281299066,"8":13.6198071051,"9":8.6477533272,"10":-0.0199329669,"11":3.3568591958,"12":16.553248434,"13":18.5330617327,"14":2.6012446165,"15":8.1423966592,"16":6.1902587335,"17":13.7037370513,"18":6.9923393606,"19":9.2654883887,"20":2.6656772923,"21":20.0973213663,"22":19.3896405369,"23":2.8036353524,"24":16.159977234,"25":16.3823351572,"26":15.1953145521,"27":17.1694476096,"28":12.7514640002,"29":12.6035705297,"30":19.5884274685,"31":19.4052478742,"32":20.1782613352,"33":1.2041994688,"34":15.3219501596,"35":16.9469400125,"36":16.5749623978,"37":17.7147252672,"38":12.1072066551,"39":12.4656234579,"40":20.8297272619,"41":19.079229078,"42":2.9256071188,"43":2.5910991841,"44":0.6974789316,"45":0.5231403062,"46":17.1658794311,"47":16.296685485,"48":14.2993429829,"49":12.5120532134,"50":17.9421629882,"51":19.6164362018,"52":18.202200601,"53":2.85381903,"54":3.0578264685,"55":3.2665765871,"56":17.47902879,"57":15.7392767171,"58":12.0247411367,"59":13.5461991023,"60":16.6204042884,"61":18.9444350725,"62":17.6580996112,"63":16.6272427139,"64":18.3101532335,"65":17.6862722453,"66":15.5734950337,"67":15.7376787157,"68":13.8535532224,"69":13.2888532026,"70":17.1727159239,"71":16.1174712966,"72":17.7796889573,"73":17.9522613313,"74":17.8071746397,"75":16.4972726215,"76":15.8023242061,"77":15.4754175542,"78":8.4099318577,"79":14.6438689568,"80":1.5524813478,"81":2.1672780234,"82":18.1179028226,"83":16.3391584745,"84":1.9732282087,"85":2.2384529764,"86":17.8551786567,"87":17.4266966109,"88":14.0302464452,"89":15.2293161973,"90":0.5329829186,"91":3.267098742,"92":17.9303208107,"93":18.0748722466,"94":2.2625352842,"95":2.4608120784,"96":16.1472055943,"97":17.6776334374,"98":8.2097029671,"99":10.7773803582},"region":{"0":1.0,"1":1.0,"2":3.0,"3":3.0,"4":1.0,"5":4.0,"6":0.0,"7":0.0,"8":0.0,"9":4.0,"10":1.0,"11":1.0,"12":3.0,"13":3.0,"14":1.0,"15":4.0,"16":4.0,"17":0.0,"18":4.0,"19":4.0,"20":1.0,"21":2.0,"22":2.0,"23":1.0,"24":3.0,"25":3.0,"26":3.0,"27":3.0,"28":0.0,"29":0.0,"30":2.0,"31":2.0,"32":2.0,"33":1.0,"34":3.0,"35":3.0,"36":3.0,"37":3.0,"38":0.0,"39":0.0,"40":2.0,"41":2.0,"42":1.0,"43":1.0,"44":1.0,"45":1.0,"46":3.0,"47":3.0,"48":0.0,"49":0.0,"50":2.0,"51":2.0,"52":2.0,"53":1.0,"54":1.0,"55":1.0,"56":3.0,"57":3.0,"58":0.0,"59":0.0,"60":3.0,"61":3.0,"62":3.0,"63":3.0,"64":3.0,"65":3.0,"66":3.0,"67":3.0,"68":0.0,"69":0.0,"70":3.0,"71":3.0,"72":3.0,"73":3.0,"74":3.0,"75":3.0,"76":3.0,"77":3.0,"78":4.0,"79":0.0,"80":1.0,"81":1.0,"82":3.0,"83":3.0,"84":1.0,"85":1.0,"86":3.0,"87":3.0,"88":0.0,"89":0.0,"90":1.0,"91":1.0,"92":3.0,"93":3.0,"94":1.0,"95":1.0,"96":3.0,"97":3.0,"98":4.0,"99":0.0}}