{"val":{"0":17.1937608725,"1":14.8396271492,"2":15.1794431835,"3":14.1780457888,"4":8.6525522914,"5":8.7654993766,"6":12.2386818701,"7":2.5926528371,"8":16.0682997555,"9":12.9160165233,"10":16.9036227054,"11":14.5352948653,"12":14.761256941,"13":14.3893121711,"14":7.1867013083,"15":8.578020338,"16":11.5349176088,"17":10.7722788758,"18":2.3921767222,"19":16.593917737,"20":17.3840520524,"21":14.8046878476,"22":14.0291521785,"23":14.6980209079,"24":8.5248786865,"25":14.5668651609,"26":14.3434556695,"27":15.1442974797,"28":10.5132349375,"29":14.1515288865,"30":19.191769427,"31":9.3869581127,"32":9.5541683039,"33":7.641402939,"34":9.3415644316,"35":8.0295473884,"36":9.0568022074,"37":8.1450569917,"38":9.4662945895,"39":9.0303960088,"40":17.7342232182,"41":9.0557347024,"42":12.046566602,"43":2.6143221129,"44":10.5890981814,"45":10.8292767014,"46":12.3110168268,"47":4.2009641175,"48":10.4957602643,"49":8.654569317,"50":19.2013842181,"51":9.7951851243,"52":12.5611152715,"53":11.4397861495,"54":8.4050663676,"55":6.6456536968,"56":12.6331180633,"57":11.3368312568,"58":9.1488234949,"59":8.8806860492,"60":12.6375711418,"61":2.1166248385,"62":4.1034642571,"63":8.1251818746,"64":12.5053749261,"65":1.7509569647,"66":4.5947863361,"67":9.1288589264,"68":12.0065360348,"69":4.6734089881,"70":16.7121390244,"71":13.6346398807,"72":2.8279576534,"73":9.7328284563,"74":11.5606396988,"75":12.2555799543,"76":4.805668686,"77":9.6067465709,"78":11.1341703673,"79":12.7583444086,"80":19.1691979319,"81":4.5995400314,"82":1.8354016278,"83":4.7971873044,"84":1.8573000067,"85":3.8725000242,"86":4.0028879233,"87":2.6325079498,"88":13.8067283225,"89":0.6254577136,"90":19.7995931005,"91":11.6671488902,"92":3.4839219513,"93":12.301329677,"94":3.8965250556,"95":12.0466186323,"96":2.3901138056,"97":11.45371307,"98":5.0787453568,"99":18.8830782823},"region":{"0":2.0,"1":4.0,"2":4.0,"3":4.0,"4":1.0,"5":1.0,"6":0.0,"7":3.0,"8":4.0,"9":4.0,"10":2.0,"11":4.0,"12":4.0,"13":4.0,"14":1.0,"15":1.0,"16":0.0,"17":0.0,"18":3.0,"19":4.0,"20":2.0,"21":4.0,"22":4.0,"23":4.0,"24":1.0,"25":4.0,"26":4.0,"27":4.0,"28":1.0,"29":4.0,"30":2.0,"31":1.0,"32":1.0,"33":1.0,"34":1.0,"35":1.0,"36":1.0,"37":1.0,"38":1.0,"39":1.0,"40":2.0,"41":1.0,"42":0.0,"43":3.0,"44":1.0,"45":1.0,"46":0.0,"47":3.0,"48":1.0,"49":1.0,"50":2.0,"51":1.0,"52":0.0,"53":0.0,"54":1.0,"55":1.0,"56":0.0,"57":0.0,"58":1.0,"59":1.0,"60":0.0,"61":3.0,"62":3.0,"63":1.0,"64":0.0,"65":3.0,"66":3.0,"67":1.0,"68":0.0,"69":3.0,"70":2.0,"71":0.0,"72":3.0,"73":1.0,"74":0.0,"75":0.0,"76":3.0,"77":1.0,"78":0.0,"79":0.0,"80":2.0,"81":3.0,"82":3.0,"83":3.0,"84":3.0,"85":3.0,"86":3.0,"87":3.0,"88":4.0,"89":3.0,"90":2.0,"91":0.0,"92":3.0,"93":0.0,"94":3.0,"95":0.0,"96":3.0,"97":0.0,"98":3.0,"99":2.0}}