{"val":{"0":9.9352112151,"1":10.5064610381,"2":15.419099508,"3":11.697276784,"4":9.9614822911,"5":10.5763500646,"6":15.2900040007,"7":2.1683185451,"8":9.4241596154,"9":9.5365092894,"10":11.927396996,"11":16.5771159742,"12":15.4433738556,"13":8.3420998659,"14":10.4506910347,"15":9.1968436434,"16":9.0612161354,"17":8.1717834504,"18":9.3717596903,"19":8.7260235978,"20":16.2791492956,"21":11.6750028008,"22":16.8535045313,"23":9.8932756589,"24":8.5173668512,"25":7.8185309835,"26":9.5013834306,"27":8.3939144973,"28":8.7769192863,"29":9.0657349401,"30":17.4097778877,"31":14.8604758199,"32":15.8952591437,"33":16.3858336343,"34":10.3469072904,"35":8.7774986306,"36":8.1604832303,"37":10.3377244805,"38":8.3032913337,"39":8.4559572316,"40":18.4829966473,"41":18.13682105,"42":15.7457316846,"43":16.6463466313,"44":9.3523133825,"45":9.1451920791,"46":15.7730690221,"47":9.3441977731,"48":8.6109030043,"49":9.4214549163,"50":18.5807330963,"51":20.4508640362,"52":2.2281415951,"53":18.0732403441,"54":12.7546283449,"55":14.7228514452,"56":16.5686570576,"57":18.5159211416,"58":20.1226269322,"59":19.8599909072,"60":20.4034489535,"61":3.2518511148,"62":2.3320232007,"63":13.4090785994,"64":16.1503026458,"65":11.3732366093,"66":14.415203443,"67":20.0457922131,"68":18.9941505292,"69":2.0424852089,"70":2.6261145288,"71":19.5584594138,"72":12.2733573052,"73":15.0732875748,"74":17.5029007693,"75":15.6610464599,"76":16.8900216509,"77":20.502617393,"78":4.2612028381,"79":19.8345661042,"80":14.6607504039,"81":15.6033619273,"82":17.6247575734,"83":16.1279503711,"84":15.3528283892,"85":16.274987952,"86":16.3524128165,"87":3.1857047765,"88":4.2741422766,"89":1.7427723942,"90":11.5123465039,"91":17.0101698141,"92":16.1581014411,"93":15.9686098485,"94":13.4532547755,"95":14.8610964415,"96":17.4231084915,"97":8.0338092019,"98":1.8873068799,"99":1.1706897816},"region":{"0":1.0,"1":1.0,"2":2.0,"3":1.0,"4":1.0,"5":1.0,"6":2.0,"7":3.0,"8":1.0,"9":1.0,"10":4.0,"11":2.0,"12":2.0,"13":1.0,"14":1.0,"15":1.0,"16":1.0,"17":1.0,"18":1.0,"19":1.0,"20":2.0,"21":4.0,"22":2.0,"23":1.0,"24":1.0,"25":1.0,"26":1.0,"27":1.0,"28":1.0,"29":1.0,"30":2.0,"31":2.0,"32":2.0,"33":2.0,"34":1.0,"35":1.0,"36":1.0,"37":1.0,"38":1.0,"39":1.0,"40":0.0,"41":0.0,"42":2.0,"43":2.0,"44":1.0,"45":1.0,"46":2.0,"47":1.0,"48":1.0,"49":1.0,"50":0.0,"51":0.0,"52":3.0,"53":2.0,"54":4.0,"55":2.0,"56":2.0,"57":0.0,"58":0.0,"59":0.0,"60":0.0,"61":3.0,"62":3.0,"63":2.0,"64":2.0,"65":4.0,"66":2.0,"67":0.0,"68":0.0,"69":3.0,"70":3.0,"71":0.0,"72":4.0,"73":2.0,"74":2.0,"75":2.0,"76":2.0,"77":0.0,"78":3.0,"79":0.0,"80":2.0,"81":2.0,"82":2.0,"83":2.0,"84":2.0,"85":2.0,"86":2.0,"87":3.0,"88":3.0,"89":3.0,"90":4.0,"91":2.0,"92":2.0,"93":2.0,"94":4.0,"95":2.0,"96":2.0,"97":1.0,"98":3.0,"99":3.0}}