{"val":{"0":15.4676414644,"1":16.014439572,"2":3.1649341767,"3":7.083997722,"4":2.9876749415,"5":19.1993028184,"6":18.7617154054,"7":18.1719247999,"8":15.830388231,"9":15.4053505233,"10":4.7173908476,"11":6.6218219077,"12":2.3925493736,"13":1.1361485147,"14":16.520917024,"15":1.4639489622,"16":16.1725259722,"17":16.9925165881,"18":15.7478151063,"19":15.761923096,"20":6.1099281777,"21":6.4680465505,"22":10.3825160737,"23":7.3296721474,"24":16.5369389569,"25":16.1969602226,"26":17.2351064197,"27":16.1384564568,"28":15.5742901505,"29":15.7713888253,"30":9.4167311588,"31":9.4797149887,"32":11.0705861102,"33":6.9390239577,"34":15.8642224911,"35":15.5856800393,"36":6.2120974179,"37":6.6076209186,"38":16.6268484633,"39":17.3902752076,"40":9.7332619891,"41":9.2451133753,"42":9.5202016655,"43":6.6249510647,"44":15.100149495,"45":17.0518883749,"46":2.7888063812,"47":5.3328981484,"48":17.0869371598,"49":16.2234806351,"50":11.2349477005,"51":10.1624712652,"52":10.0953169327,"53":19.995344319,"54":6.5883647837,"55":4.5592330072,"56":4.5557391135,"57":1.7239151389,"58":4.0347746548,"59":3.9498063522,"60":9.6438885143,"61":8.5723979236,"62":10.288080539,"63":19.0860561981,"64":5.3470884951,"65":4.6559277258,"66":7.332246376,"67":8.5581500828,"68":19.0124549022,"69":4.3597827806,"70":5.4171577395,"71":4.9579717614,"72":4.0702739331,"73":6.4331545456,"74":5.6573428831,"75":3.6782055895,"76":5.322065681,"77":5.7603218457,"78":20.5220273996,"79":19.1135480533,"80":5.5345121659,"81":5.085429917,"82":7.1767668321,"83":6.1009771266,"84":9.0184081402,"85":6.1844191558,"86":6.1495651295,"87":5.4344335397,"88":18.3512652319,"89":20.4540687105,"90":6.2605235163,"91":5.6434832516,"92":4.7485384816,"93":7.2861415915,"94":4.3475488512,"95":6.4141047017,"96":6.2006864926,"97":6.3738207717,"98":18.3275336071,"99":19.2196958485},"region":{"0":3.0,"1":3.0,"2":4.0,"3":0.0,"4":4.0,"5":2.0,"6":2.0,"7":2.0,"8":3.0,"9":3.0,"10":0.0,"11":0.0,"12":4.0,"13":4.0,"14":3.0,"15":4.0,"16":3.0,"17":3.0,"18":3.0,"19":3.0,"20":0.0,"21":0.0,"22":1.0,"23":0.0,"24":3.0,"25":3.0,"26":3.0,"27":3.0,"28":3.0,"29":3.0,"30":1.0,"31":1.0,"32":1.0,"33":0.0,"34":3.0,"35":3.0,"36":0.0,"37":0.0,"38":3.0,"39":3.0,"40":1.0,"41":1.0,"42":1.0,"43":0.0,"44":3.0,"45":3.0,"46":4.0,"47":0.0,"48":3.0,"49":3.0,"50":1.0,"51":1.0,"52":1.0,"53":2.0,"54":0.0,"55":0.0,"56":4.0,"57":4.0,"58":4.0,"59":4.0,"60":1.0,"61":1.0,"62":1.0,"63":2.0,"64":0.0,"65":0.0,"66":0.0,"67":0.0,"68":2.0,"69":0.0,"70":0.0,"71":0.0,"72":0.0,"73":0.0,"74":0.0,"75":0.0,"76":0.0,"77":0.0,"78":2.0,"79":2.0,"80":0.0,"81":0.0,"82":0.0,"83":0.0,"84":0.0,"85":0.0,"86":0.0,"87":0.0,"88":2.0,"89":2.0,"90":0.0,"91":0.0,"92":0.0,"93":0.0,"94":0.0,"95":0.0,"96":0.0,"97":0.0,"98":2.0,"99":2.0}}