{"val":{"0":5.9429700436,"1":5.5228237764,"2":6.1361169678,"3":5.1484093346,"4":18.9362442074,"5":2.7945543271,"6":0.3615420978,"7":1.3250607618,"8":-0.3441995679,"9":18.8413560219,"10":5.3031789081,"11":5.3359299091,"12":7.0570164227,"13":6.8186099926,"14":5.5011266896,"15":2.1229745571,"16":17.7417045722,"17":17.8113244894,"18":17.9731244027,"19":17.2209903478,"20":5.2504026912,"21":7.5044173489,"22":14.7180797385,"23":13.2235368639,"24":5.2197437754,"25":0.9511922242,"26":2.5551201707,"27":17.9004925968,"28":-2.151608763,"29":8.8804355826,"30":14.6150495351,"31":16.4063984187,"32":15.3443136269,"33":12.7759003815,"34":7.3566878587,"35":6.6664923857,"36":5.6815919793,"37":8.11010701,"38":1.0547278528,"39":7.123021852,"40":16.2689940915,"41":15.6455993435,"42":15.3581700617,"43":16.232200129,"44":4.8549047095,"45":5.2509147964,"46":5.5199685702,"47":7.25394077,"48":2.8583584061,"49":0.1493390917,"50":8.9502536414,"51":15.7180594433,"52":16.0251918614,"53":17.5584020367,"54":7.7854861643,"55":4.7056400729,"56":7.1312295194,"57":7.0596290227,"58":1.8576863969,"59":0.5074351401,"60":17.0809477441,"61":16.870000173,"62":15.8335889898,"63":16.4921587004,"64":6.6875537913,"65":6.4086381811,"66":5.1562637827,"67":5.5607684001,"68":1.3196738573,"69":2.1069470032,"70":4.5538713389,"71":5.3204483068,"72":4.6051153023,"73":5.5390637494,"74":5.3108721842,"75":5.2640961001,"76":5.4901382365,"77":6.0572025129,"78":18.8518327731,"79":18.9808850219,"80":6.115866417,"81":5.7431931033,"82":5.5828832447,"83":4.7549732042,"84":4.6882874916,"85":7.0351433662,"86":6.3682012954,"87":3.6217692511,"88":0.4022998007,"89":15.7591343066,"90":5.8522009252,"91":5.9434288074,"92":7.6566709352,"93":5.4914871304,"94":6.5652281173,"95":5.5145819509,"96":4.3464404009,"97":4.1483735202,"98":19.7187217674,"99":17.3033807573},"region":{"0":4.0,"1":4.0,"2":4.0,"3":4.0,"4":2.0,"5":0.0,"6":0.0,"7":0.0,"8":0.0,"9":2.0,"10":4.0,"11":4.0,"12":4.0,"13":4.0,"14":4.0,"15":0.0,"16":2.0,"17":2.0,"18":2.0,"19":2.0,"20":4.0,"21":4.0,"22":1.0,"23":1.0,"24":4.0,"25":0.0,"26":0.0,"27":2.0,"28":0.0,"29":3.0,"30":1.0,"31":1.0,"32":1.0,"33":1.0,"34":4.0,"35":4.0,"36":4.0,"37":4.0,"38":0.0,"39":3.0,"40":1.0,"41":1.0,"42":1.0,"43":1.0,"44":4.0,"45":4.0,"46":4.0,"47":4.0,"48":0.0,"49":0.0,"50":3.0,"51":1.0,"52":1.0,"53":1.0,"54":4.0,"55":4.0,"56":4.0,"57":4.0,"58":0.0,"59":0.0,"60":1.0,"61":1.0,"62":1.0,"63":1.0,"64":4.0,"65":4.0,"66":4.0,"67":4.0,"68":0.0,"69":0.0,"70":4.0,"71":4.0,"72":4.0,"73":4.0,"74":4.0,"75":4.0,"76":4.0,"77":4.0,"78":2.0,"79":2.0,"80":4.0,"81":4.0,"82":4.0,"83":4.0,"84":4.0,"85":4.0,"86":4.0,"87":4.0,"88":0.0,"89":2.0,"90":4.0,"91":4.0,"92":4.0,"93":4.0,"94":4.0,"95":4.0,"96":4.0,"97":4.0,"98":2.0,"99":2.0}}