{"val":{"0":15.3335810676,"1":16.1345392947,"2":5.2465622204,"3":15.1414795366,"4":13.8658290761,"5":6.6770675997,"6":6.6385716218,"7":8.8199828422,"8":6.7883984395,"9":7.5644352781,"10":16.1929607245,"11":5.3619188797,"12":15.2957777407,"13":14.1882039186,"14":15.5655629224,"15":6.0884598236,"16":15.7978134906,"17":16.0760578673,"18":14.8554417792,"19":12.059676989,"20":15.6936428847,"21":15.6531964537,"22":14.6430328102,"23":15.0014734556,"24":15.7499414139,"25":15.7913116803,"26":14.4420758014,"27":14.2144768798,"28":15.0864401415,"29":10.9743523201,"30":16.833779005,"31":12.742666586,"32":15.7531705169,"33":14.9315889037,"34":13.944827451,"35":4.1810323834,"36":5.3835914864,"37":5.5878954406,"38":15.756806495,"39":12.9334381107,"40":15.435681899,"41":14.9798571032,"42":5.8249344708,"43":16.2927718325,"44":5.4863760074,"45":16.1738261043,"46":4.7584529707,"47":16.3122189292,"48":13.9030722382,"49":11.6361896452,"50":14.0657929007,"51":11.6236254824,"52":12.8023932525,"53":12.1291522379,"54":6.7088802716,"55":4.9967866071,"56":15.6663047368,"57":14.0488247627,"58":15.0812653052,"59":12.9547347931,"60":12.6516501104,"61":12.5629561089,"62":13.4521423432,"63":11.2148222847,"64":10.2028101722,"65":15.0577130375,"66":14.770904803,"67":14.1379975612,"68":15.4291513517,"69":12.5905091003,"70":14.082396751,"71":3.9273708074,"72":4.4641145817,"73":6.0538396385,"74":6.3416010027,"75":5.7598650247,"76":6.0528786358,"77":5.3923493996,"78":15.8933749849,"79":10.8486155542,"80":5.8051120031,"81":14.8745623666,"82":5.701772096,"83":15.3434889905,"84":14.0310807121,"85":15.3617135199,"86":6.757138368,"87":14.9474457638,"88":13.9175577374,"89":11.3427504338,"90":4.8129375439,"91":5.1384350893,"92":15.6416076599,"93":17.2120486156,"94":16.3151767251,"95":4.4180069368,"96":16.796216602,"97":15.0425673639,"98":17.0986320279,"99":8.7825466331},"region":{"0":3.0,"1":3.0,"2":4.0,"3":3.0,"4":3.0,"5":0.0,"6":0.0,"7":0.0,"8":0.0,"9":0.0,"10":3.0,"11":4.0,"12":3.0,"13":3.0,"14":3.0,"15":4.0,"16":3.0,"17":3.0,"18":3.0,"19":2.0,"20":3.0,"21":3.0,"22":3.0,"23":3.0,"24":3.0,"25":3.0,"26":3.0,"27":3.0,"28":3.0,"29":2.0,"30":3.0,"31":3.0,"32":3.0,"33":3.0,"34":3.0,"35":4.0,"36":4.0,"37":4.0,"38":3.0,"39":2.0,"40":3.0,"41":3.0,"42":4.0,"43":3.0,"44":4.0,"45":3.0,"46":4.0,"47":3.0,"48":3.0,"49":2.0,"50":3.0,"51":2.0,"52":2.0,"53":2.0,"54":4.0,"55":4.0,"56":3.0,"57":3.0,"58":3.0,"59":2.0,"60":3.0,"61":2.0,"62":2.0,"63":2.0,"64":2.0,"65":3.0,"66":3.0,"67":3.0,"68":3.0,"69":2.0,"70":3.0,"71":4.0,"72":4.0,"73":4.0,"74":4.0,"75":4.0,"76":4.0,"77":4.0,"78":3.0,"79":2.0,"80":4.0,"81":3.0,"82":4.0,"83":3.0,"84":3.0,"85":3.0,"86":4.0,"87":3.0,"88":3.0,"89":2.0,"90":4.0,"91":4.0,"92":3.0,"93":3.0,"94":3.0,"95":4.0,"96":3.0,"97":3.0,"98":3.0,"99":1.0}}