{"val":{"0":3.8004004818,"1":0.7613054289,"2":13.8866885492,"3":13.2207075466,"4":12.6653470736,"5":15.0489936665,"6":15.7092819383,"7":12.7991908258,"8":21.5463708193,"9":19.2010652018,"10":4.7141941552,"11":2.797421563,"12":14.6332942098,"13":16.4071510169,"14":16.2354496278,"15":17.623612352,"16":17.0132846705,"17":17.0702410506,"18":20.7778449161,"19":18.5648932801,"20":0.3603955152,"21":4.191622835,"22":13.5861612047,"23":15.2223413159,"24":15.9041920548,"25":14.6354320633,"26":17.9971250946,"27":14.9138545116,"28":19.739197294,"29":21.506164532,"30":3.9431482545,"31":3.4641776978,"32":3.5809339399,"33":16.2250144453,"34":14.2115000557,"35":16.3359992329,"36":14.5781996152,"37":18.8561239825,"38":13.6161408747,"39":16.7532157095,"40":2.7328343558,"41":4.1088881283,"42":11.328017303,"43":9.6868351268,"44":12.5059434217,"45":14.306899595,"46":14.3401720323,"47":14.8271036572,"48":13.2465873456,"49":14.70913617,"50":2.6967119695,"51":12.3350826471,"52":11.1292526028,"53":7.090915185,"54":15.8211997892,"55":10.2153670196,"56":15.0426585286,"57":17.1109315919,"58":20.0377255946,"59":17.1538307973,"60":3.0024339316,"61":3.2756997903,"62":2.4182639305,"63":11.0586561257,"64":10.2071620602,"65":9.3521721695,"66":15.098070197,"67":12.3400318602,"68":16.5142994318,"69":14.5995645371,"70":2.9929714876,"71":4.2364198729,"72":6.1335274107,"73":19.5729452048,"74":10.3452759658,"75":9.5736636146,"76":20.7365809963,"77":18.709107093,"78":10.7740008383,"79":9.8374867222,"80":4.5002366665,"81":2.9574226687,"82":3.9243050192,"83":19.8280849124,"84":10.0302676088,"85":10.070762075,"86":10.3104949689,"87":9.6680548183,"88":19.9090883643,"89":20.2481274686,"90":1.4260423042,"91":2.5020876672,"92":2.0112377232,"93":19.4291553656,"94":10.7308017439,"95":10.2986736485,"96":9.0445734231,"97":11.1217995658,"98":20.6284332517,"99":19.0780998516},"region":{"0":3.0,"1":3.0,"2":0.0,"3":0.0,"4":0.0,"5":0.0,"6":2.0,"7":0.0,"8":4.0,"9":4.0,"10":3.0,"11":3.0,"12":0.0,"13":2.0,"14":2.0,"15":2.0,"16":2.0,"17":2.0,"18":4.0,"19":4.0,"20":3.0,"21":3.0,"22":0.0,"23":0.0,"24":2.0,"25":0.0,"26":2.0,"27":0.0,"28":4.0,"29":4.0,"30":3.0,"31":3.0,"32":3.0,"33":2.0,"34":0.0,"35":2.0,"36":0.0,"37":2.0,"38":0.0,"39":2.0,"40":3.0,"41":3.0,"42":1.0,"43":1.0,"44":0.0,"45":0.0,"46":0.0,"47":0.0,"48":0.0,"49":0.0,"50":3.0,"51":1.0,"52":1.0,"53":1.0,"54":2.0,"55":1.0,"56":0.0,"57":2.0,"58":2.0,"59":2.0,"60":3.0,"61":3.0,"62":3.0,"63":1.0,"64":1.0,"65":1.0,"66":0.0,"67":0.0,"68":2.0,"69":0.0,"70":3.0,"71":3.0,"72":3.0,"73":4.0,"74":1.0,"75":1.0,"76":4.0,"77":4.0,"78":1.0,"79":1.0,"80":3.0,"81":3.0,"82":3.0,"83":4.0,"84":1.0,"85":1.0,"86":1.0,"87":1.0,"88":4.0,"89":4.0,"90":3.0,"91":3.0,"92":3.0,"93":4.0,"94":1.0,"95":1.0,"96":1.0,"97":1.0,"98":4.0,"99":4.0}}