{"val":{"0":12.8480953387,"1":11.6766498574,"2":12.7826569307,"3":12.9029207426,"4":13.0601552728,"5":13.4604507147,"6":11.5713336461,"7":11.2864780682,"8":14.5806750563,"9":11.6822305139,"10":15.7667635371,"11":13.786719222,"12":9.3631978493,"13":14.5901728796,"14":15.0467060108,"15":6.0111488832,"16":10.5388280178,"17":11.6530731968,"18":11.5441388477,"19":5.1582632548,"20":13.95282087,"21":9.1697150927,"22":10.7814524014,"23":9.2349567155,"24":15.4104624585,"25":5.2955991404,"26":5.9328530283,"27":13.1299806658,"28":11.3521403672,"29":6.1515613554,"30":14.6185262768,"31":14.2091793608,"32":15.6122953668,"33":14.9347013998,"34":14.9816800801,"35":15.102408763,"36":14.002405836,"37":11.4410944832,"38":13.0673091923,"39":14.0666571503,"40":15.0822919595,"41":9.3549341329,"42":17.0182098888,"43":9.9141373651,"44":15.6065726279,"45":10.0884689792,"46":16.2392571324,"47":9.5553233593,"48":14.7690146815,"49":9.6052579802,"50":13.9674232873,"51":1.0288932427,"52":2.6509847566,"53":11.8569958843,"54":10.3003005794,"55":14.2660938319,"56":9.7771347195,"57":14.8612862738,"58":14.6079548062,"59":1.9011095965,"60":17.0551077544,"61":1.1705478486,"62":1.377013117,"63":10.2936548242,"64":9.368889039,"65":8.9761024778,"66":8.191404097,"67":9.7559157452,"68":16.3270613544,"69":1.2095668014,"70":16.4401872472,"71":5.8447069962,"72":2.8075765351,"73":6.8022507681,"74":8.7219956101,"75":14.8548356031,"76":14.0218739761,"77":13.4831694156,"78":14.1753915663,"79":5.1532306351,"80":14.6904194292,"81":11.9513174298,"82":12.5265439827,"83":6.6452274459,"84":5.0375574743,"85":10.2575843495,"86":15.2251980397,"87":8.4832295548,"88":14.1993019617,"89":12.869939975,"90":9.668718164,"91":15.705097433,"92":9.4337103646,"93":15.1071176736,"94":15.078586567,"95":13.4960407196,"96":9.4507806906,"97":14.6318155674,"98":14.8529705717,"99":6.3404330494},"region":{"0":1.0,"1":1.0,"2":1.0,"3":1.0,"4":1.0,"5":1.0,"6":1.0,"7":1.0,"8":1.0,"9":1.0,"10":0.0,"11":0.0,"12":2.0,"13":0.0,"14":0.0,"15":3.0,"16":1.0,"17":1.0,"18":1.0,"19":3.0,"20":0.0,"21":2.0,"22":2.0,"23":2.0,"24":0.0,"25":3.0,"26":3.0,"27":1.0,"28":1.0,"29":3.0,"30":0.0,"31":0.0,"32":0.0,"33":0.0,"34":0.0,"35":0.0,"36":0.0,"37":1.0,"38":1.0,"39":1.0,"40":0.0,"41":2.0,"42":0.0,"43":2.0,"44":0.0,"45":2.0,"46":0.0,"47":2.0,"48":0.0,"49":2.0,"50":0.0,"51":4.0,"52":4.0,"53":0.0,"54":2.0,"55":0.0,"56":2.0,"57":0.0,"58":0.0,"59":4.0,"60":0.0,"61":4.0,"62":4.0,"63":2.0,"64":2.0,"65":2.0,"66":2.0,"67":2.0,"68":0.0,"69":4.0,"70":0.0,"71":3.0,"72":4.0,"73":3.0,"74":2.0,"75":0.0,"76":0.0,"77":0.0,"78":0.0,"79":3.0,"80":0.0,"81":1.0,"82":1.0,"83":3.0,"84":3.0,"85":2.0,"86":0.0,"87":2.0,"88":0.0,"89":1.0,"90":2.0,"91":0.0,"92":2.0,"93":0.0,"94":0.0,"95":0.0,"96":2.0,"97":0.0,"98":0.0,"99":3.0}}