{"val":{"0":1.0061186998,"1":2.2421607889,"2":5.5710582541,"3":6.4351805743,"4":6.5900257229,"5":7.6334021075,"6":12.5232265999,"7":10.1295209261,"8":5.7024485586,"9":7.9717928933,"10":18.6899565058,"11":17.53047134,"12":4.3845548429,"13":19.4856861282,"14":6.8191852869,"15":5.5472904386,"16":4.7139479882,"17":5.4093390042,"18":5.5230493405,"19":5.3905658197,"20":17.304386181,"21":18.0279940279,"22":6.0636823853,"23":6.5407915896,"24":17.3587571581,"25":5.083677698,"26":5.7826903544,"27":7.4562452623,"28":5.8199552763,"29":7.4218577726,"30":0.8012501973,"31":16.4280779834,"32":6.8303837903,"33":7.7702454227,"34":6.7392705585,"35":6.8113866628,"36":6.934227763,"37":5.9546420453,"38":6.0896454839,"39":6.387163814,"40":16.7860156016,"41":7.8798139945,"42":17.2630958788,"43":18.4227315485,"44":16.6793239062,"45":1.3495206761,"46":9.7537228807,"47":10.8035897077,"48":12.6776440665,"49":11.6415193832,"50":11.7239325693,"51":11.5870354925,"52":18.2856754697,"53":20.0381261056,"54":18.3653878508,"55":12.6059664845,"56":2.7545726396,"57":9.5841312334,"58":12.1573742862,"59":10.7318302359,"60":0.6788798556,"61":9.5240041556,"62":15.7266699935,"63":18.2522193245,"64":18.9928197746,"65":11.9539119994,"66":10.8542016437,"67":10.0183625664,"68":10.1615772748,"69":11.9447086809,"70":1.6269214629,"71":17.4296361813,"72":17.4360004256,"73":17.3671753614,"74":18.7333654858,"75":10.4091128835,"76":11.2300366251,"77":11.0778034204,"78":8.9587540812,"79":17.7283757134,"80":1.1759489318,"81":7.0350057593,"82":18.4759131798,"83":18.9283069007,"84":16.9558292061,"85":11.7077820215,"86":9.4810794592,"87":11.8470762015,"88":3.8696787372,"89":1.6800401936,"90":18.9935735004,"91":17.0784802783,"92":17.1614041144,"93":17.4284004868,"94":19.5811109827,"95":11.8949720601,"96":5.4406848061,"97":4.25478189,"98":5.864816198,"99":8.7367533815},"region":{"0":3.0,"1":3.0,"2":1.0,"3":1.0,"4":1.0,"5":1.0,"6":0.0,"7":0.0,"8":1.0,"9":1.0,"10":2.0,"11":2.0,"12":1.0,"13":2.0,"14":1.0,"15":1.0,"16":1.0,"17":1.0,"18":1.0,"19":1.0,"20":2.0,"21":2.0,"22":1.0,"23":1.0,"24":2.0,"25":1.0,"26":1.0,"27":1.0,"28":1.0,"29":1.0,"30":3.0,"31":2.0,"32":1.0,"33":1.0,"34":1.0,"35":1.0,"36":1.0,"37":1.0,"38":1.0,"39":1.0,"40":2.0,"41":1.0,"42":2.0,"43":2.0,"44":2.0,"45":3.0,"46":0.0,"47":0.0,"48":0.0,"49":0.0,"50":0.0,"51":0.0,"52":2.0,"53":2.0,"54":2.0,"55":0.0,"56":3.0,"57":4.0,"58":0.0,"59":0.0,"60":3.0,"61":0.0,"62":2.0,"63":2.0,"64":2.0,"65":0.0,"66":0.0,"67":0.0,"68":0.0,"69":0.0,"70":3.0,"71":2.0,"72":2.0,"73":2.0,"74":2.0,"75":0.0,"76":0.0,"77":0.0,"78":0.0,"79":2.0,"80":3.0,"81":1.0,"82":2.0,"83":2.0,"84":2.0,"85":0.0,"86":0.0,"87":0.0,"88":1.0,"89":3.0,"90":2.0,"91":2.0,"92":2.0,"93":2.0,"94":2.0,"95":0.0,"96":1.0,"97":1.0,"98":1.0,"99":1.0}}