{"val":{"0":10.0020699893,"1":9.4279675128,"2":10.2677171255,"3":7.780157747,"4":9.7756765526,"5":3.9847898033,"6":3.495909065,"7":18.1602952109,"8":20.1438073762,"9":4.1750866337,"10":4.9118144559,"11":8.1539071959,"12":13.2727401565,"13":7.5367583215,"14":19.2887084644,"15":18.6138494298,"16":21.2260136811,"17":18.7856179492,"18":16.8877651124,"19":19.6408795206,"20":3.7078007774,"21":10.7878018873,"22":9.2493563558,"23":9.9688295818,"24":10.1167704789,"25":10.0533531017,"26":18.9698929229,"27":20.2458621567,"28":20.3475343429,"29":19.4505701502,"30":3.3517124799,"31":9.339289463,"32":9.0709567713,"33":8.6312141209,"34":8.6369753328,"35":8.1512242394,"36":17.7410195356,"37":19.3169469275,"38":4.6284936587,"39":10.8514605156,"40":2.1387341485,"41":10.7140463545,"42":7.530106949,"43":7.9572524804,"44":8.488029816,"45":10.4602107543,"46":4.1862406086,"47":-0.1981965224,"48":0.9644765939,"49":13.8990076228,"50":0.2743973507,"51":12.571033321,"52":11.9720534382,"53":10.4199745419,"54":5.0396563274,"55":9.1118541827,"56":-1.6967160975,"57":2.8581610013,"58":-0.096508956,"59":13.2583149711,"60":10.1003487079,"61":9.0916839297,"62":10.4510607782,"63":10.2923201856,"64":9.3131860575,"65":8.3714374002,"66":-0.0716224739,"67":13.9640918754,"68":13.3154782014,"69":14.3906790619,"70":8.984618838,"71":8.3783838355,"72":9.729404765,"73":8.5512501413,"74":8.9149197775,"75":8.6111597353,"76":0.6957313769,"77":12.707799772,"78":13.4560699692,"79":5.2073661068,"80":7.0224240875,"81":10.0037264184,"82":8.7418705115,"83":6.1907945545,"84":10.1704661625,"85":8.2429179297,"86":3.6048558252,"87":18.8216119374,"88":21.1593624439,"89":4.4032402126,"90":4.0066742181,"91":10.2562139532,"92":13.6737774559,"93":7.1646131041,"94":3.5152395671,"95":7.0463412775,"96":18.4739923848,"97":20.3926543292,"98":18.1218271695,"99":18.8847682077},"region":{"0":0.0,"1":0.0,"2":0.0,"3":0.0,"4":0.0,"5":3.0,"6":3.0,"7":2.0,"8":2.0,"9":3.0,"10":3.0,"11":0.0,"12":4.0,"13":0.0,"14":2.0,"15":2.0,"16":2.0,"17":2.0,"18":2.0,"19":2.0,"20":3.0,"21":0.0,"22":0.0,"23":0.0,"24":0.0,"25":0.0,"26":2.0,"27":2.0,"28":2.0,"29":2.0,"30":3.0,"31":0.0,"32":0.0,"33":0.0,"34":0.0,"35":0.0,"36":2.0,"37":2.0,"38":3.0,"39":0.0,"40":1.0,"41":4.0,"42":0.0,"43":0.0,"44":0.0,"45":0.0,"46":3.0,"47":1.0,"48":1.0,"49":4.0,"50":1.0,"51":4.0,"52":4.0,"53":0.0,"54":3.0,"55":0.0,"56":1.0,"57":1.0,"58":1.0,"59":4.0,"60":0.0,"61":0.0,"62":0.0,"63":0.0,"64":0.0,"65":0.0,"66":1.0,"67":4.0,"68":4.0,"69":4.0,"70":0.0,"71":0.0,"72":0.0,"73":0.0,"74":0.0,"75":0.0,"76":1.0,"77":4.0,"78":4.0,"79":3.0,"80":0.0,"81":0.0,"82":0.0,"83":0.0,"84":0.0,"85":0.0,"86":3.0,"87":2.0,"88":2.0,"89":3.0,"90":3.0,"91":0.0,"92":4.0,"93":0.0,"94":3.0,"95":0.0,"96":2.0,"97":2.0,"98":2.0,"99":2.0}}