{"val":{"0":9.9591249402,"1":11.6003338949,"2":12.9254674628,"3":7.0799741527,"4":7.1564295909,"5":8.6747406091,"6":8.5078349428,"7":0.9616738912,"8":-1.8428713709,"9":12.9006577303,"10":11.5629963478,"11":11.3015457554,"12":10.096243584,"13":9.869832694,"14":9.2527648806,"15":0.7554486362,"16":-0.1461938723,"17":1.0533835246,"18":0.3823473201,"19":13.2729278156,"20":14.3103085006,"21":13.158515993,"22":13.7864955669,"23":14.6377618407,"24":8.023229245,"25":0.4252849611,"26":0.0249378961,"27":1.7421467487,"28":1.102502849,"29":0.1054812377,"30":14.2193933483,"31":15.3544435151,"32":15.6642402206,"33":14.7505066842,"34":13.9173065925,"35":9.0858537092,"36":15.0822003771,"37":8.2107339617,"38":10.7127752892,"39":8.5226152301,"40":15.2052487624,"41":10.0416482766,"42":10.5785705888,"43":13.5639712035,"44":12.8410322469,"45":15.7362918811,"46":6.42637439,"47":7.2987352431,"48":7.4821915224,"49":8.3535388601,"50":14.0499117494,"51":14.6191662925,"52":11.4111079156,"53":14.2379008454,"54":14.2935557835,"55":15.9231719439,"56":-0.5452211942,"57":8.1090774017,"58":8.119736233,"59":0.2842829559,"60":11.443530014,"61":10.3911247928,"62":10.4716952176,"63":13.9598501634,"64":13.1360711615,"65":15.0633532934,"66":15.3534996501,"67":14.2168194799,"68":6.1881383424,"69":1.3117313231,"70":10.9302494282,"71":10.0391010427,"72":12.0014900131,"73":14.4957833485,"74":14.2631153167,"75":12.1164759667,"76":15.2611249695,"77":15.8649320584,"78":11.8164638408,"79":11.6753783917,"80":13.0149384801,"81":11.8851294791,"82":10.0213909228,"83":0.8396400809,"84":16.104459209,"85":16.0222186988,"86":11.6580764007,"87":14.7422940891,"88":0.1138348809,"89":21.0402014979,"90":10.7142340116,"91":11.6481311,"92":10.0043909013,"93":11.1415305365,"94":13.2499735776,"95":13.0890142306,"96":13.5802571023,"97":15.3249182522,"98":-0.3889178459,"99":20.333116241},"region":{"0":4.0,"1":4.0,"2":4.0,"3":3.0,"4":3.0,"5":3.0,"6":3.0,"7":1.0,"8":1.0,"9":0.0,"10":4.0,"11":4.0,"12":4.0,"13":3.0,"14":3.0,"15":1.0,"16":1.0,"17":1.0,"18":1.0,"19":0.0,"20":0.0,"21":0.0,"22":0.0,"23":0.0,"24":3.0,"25":1.0,"26":1.0,"27":1.0,"28":1.0,"29":1.0,"30":0.0,"31":0.0,"32":0.0,"33":0.0,"34":0.0,"35":3.0,"36":0.0,"37":3.0,"38":3.0,"39":3.0,"40":0.0,"41":4.0,"42":4.0,"43":0.0,"44":0.0,"45":0.0,"46":3.0,"47":3.0,"48":3.0,"49":3.0,"50":0.0,"51":0.0,"52":4.0,"53":0.0,"54":0.0,"55":0.0,"56":1.0,"57":3.0,"58":3.0,"59":1.0,"60":4.0,"61":4.0,"62":4.0,"63":0.0,"64":0.0,"65":0.0,"66":0.0,"67":0.0,"68":3.0,"69":1.0,"70":4.0,"71":4.0,"72":4.0,"73":0.0,"74":0.0,"75":0.0,"76":0.0,"77":0.0,"78":4.0,"79":4.0,"80":4.0,"81":4.0,"82":4.0,"83":1.0,"84":0.0,"85":0.0,"86":0.0,"87":0.0,"88":1.0,"89":2.0,"90":4.0,"91":4.0,"92":4.0,"93":0.0,"94":0.0,"95":0.0,"96":0.0,"97":0.0,"98":1.0,"99":2.0}}