{"val":{"0":10.0665881161,"1":18.5362655153,"2":17.9102583566,"3":17.7430128786,"4":17.2730992667,"5":18.5470828522,"6":20.0741574242,"7":5.7749068461,"8":7.6265652551,"9":17.9151706059,"10":17.6425447556,"11":11.6565058744,"12":8.347320982,"13":17.3373594751,"14":15.5722302281,"15":1.909174225,"16":1.1566750054,"17":9.031207062,"18":4.6156059368,"19":9.6495957999,"20":14.3169161775,"21":15.2769156273,"22":15.5757894703,"23":16.379902808,"24":14.6694702278,"25":16.2297560121,"26":13.9566385016,"27":9.8830882268,"28":9.0488902966,"29":6.1968509134,"30":14.2154233012,"31":12.4417730668,"32":15.0434942867,"33":15.2696855752,"34":15.6640728357,"35":15.4449508539,"36":14.9937033339,"37":6.3643571712,"38":7.9771489688,"39":8.4424800339,"40":0.7283903306,"41":3.9958537745,"42":2.8173189112,"43":0.7420926061,"44":0.9410643633,"45":2.6583602255,"46":0.5159042375,"47":9.0053473101,"48":9.1702085081,"49":8.8279014073,"50":2.224097137,"51":0.4532302102,"52":0.7214753306,"53":1.9688780653,"54":0.784955149,"55":2.2708530639,"56":1.4331125975,"57":8.3632499813,"58":8.7512095756,"59":6.8331638633,"60":0.5471843946,"61":7.4135861049,"62":8.1920072209,"63":2.1694954798,"64":2.7946122976,"65":13.7354416586,"66":15.1974177805,"67":1.2565410273,"68":3.0458056824,"69":7.7619099854,"70":0.6887315146,"71":7.7368332493,"72":7.0512281955,"73":3.30014488,"74":3.7708642638,"75":16.3742627591,"76":14.8789160574,"77":2.7647093894,"78":3.6233833933,"79":7.149055198,"80":0.9665394506,"81":6.9353567463,"82":7.1323873357,"83":14.875843714,"84":15.221775592,"85":2.8311535619,"86":3.121245689,"87":3.4914385926,"88":2.4120892079,"89":10.3961485365,"90":2.1324704071,"91":8.1688352501,"92":7.047413758,"93":14.0878117795,"94":14.5023518597,"95":4.0985968429,"96":0.1524327695,"97":1.2923155747,"98":2.4462256328,"99":9.8944813007},"region":{"0":4.0,"1":0.0,"2":0.0,"3":0.0,"4":0.0,"5":0.0,"6":0.0,"7":1.0,"8":1.0,"9":0.0,"10":0.0,"11":4.0,"12":1.0,"13":0.0,"14":3.0,"15":2.0,"16":2.0,"17":1.0,"18":1.0,"19":1.0,"20":3.0,"21":3.0,"22":3.0,"23":3.0,"24":3.0,"25":3.0,"26":3.0,"27":1.0,"28":1.0,"29":1.0,"30":3.0,"31":3.0,"32":3.0,"33":3.0,"34":3.0,"35":3.0,"36":3.0,"37":1.0,"38":1.0,"39":1.0,"40":2.0,"41":2.0,"42":2.0,"43":2.0,"44":2.0,"45":2.0,"46":2.0,"47":1.0,"48":1.0,"49":1.0,"50":2.0,"51":2.0,"52":2.0,"53":2.0,"54":2.0,"55":2.0,"56":2.0,"57":1.0,"58":1.0,"59":1.0,"60":2.0,"61":1.0,"62":1.0,"63":2.0,"64":2.0,"65":3.0,"66":3.0,"67":2.0,"68":2.0,"69":1.0,"70":2.0,"71":1.0,"72":1.0,"73":2.0,"74":2.0,"75":3.0,"76":3.0,"77":2.0,"78":2.0,"79":1.0,"80":2.0,"81":1.0,"82":1.0,"83":3.0,"84":3.0,"85":2.0,"86":2.0,"87":2.0,"88":2.0,"89":4.0,"90":2.0,"91":1.0,"92":1.0,"93":3.0,"94":3.0,"95":2.0,"96":2.0,"97":2.0,"98":2.0,"99":4.0}}